StartDate,EndDate,Status,IPAddress,Progress,Duration (in seconds),Finished,RecordedDate,ResponseId,RecipientLastName,RecipientFirstName,RecipientEmail,ExternalReference,LocationLatitude,LocationLongitude,DistributionChannel,UserLanguage,Q_RecaptchaScore,Q_BallotBoxStuffing,Q5,Q6,Q8,Q9,Q10,Q16,Q17,Q18,Q11,Q12,Q13,Q14,Q3,Q3_4_TEXT,Q4,Q20,SC0,Score
Start Date,End Date,Response Type,IP Address,Progress,Duration (in seconds),Finished,Recorded Date,Response ID,Recipient Last Name,Recipient First Name,Recipient Email,External Data Reference,Location Latitude,Location Longitude,Distribution Channel,User Language,Q_RecaptchaScore,Q_BallotBoxStuffing,I like snakes.,I have heard of the timber rattlesnake.,I am knowledgeable about the timber rattlesnake.,"If I were to encounter a timber rattlesnake in the wild, I would be concerned.",I am invested in the wellbeing of the timber rattlesnake.,The next 2 questions involve looking at pictures of snakes. These questions are optional. Are you comfortable answering the next 2 questions?,Please select all of the snakes that are native to the Algonquin to Adirondacks region.,Which one of these snakes is a timber rattlesnake?,I feel saddened by the loss of natural ecosystems.,I believe all organisms have intrinsic value.,Some organisms hold more value to me than others.,Global biodiversity declines affect me.,What is your gender? - Selected Choice,What is your gender? - Gender not listed - Text,What is your age?,Would you like to be entered in the raffle for a $25 gift card survey?,Score,Score
"{""ImportId"":""startDate"",""timeZone"":""America/New_York""}","{""ImportId"":""endDate"",""timeZone"":""America/New_York""}","{""ImportId"":""status""}","{""ImportId"":""ipAddress""}","{""ImportId"":""progress""}","{""ImportId"":""duration""}","{""ImportId"":""finished""}","{""ImportId"":""recordedDate"",""timeZone"":""America/New_York""}","{""ImportId"":""_recordId""}","{""ImportId"":""recipientLastName""}","{""ImportId"":""recipientFirstName""}","{""ImportId"":""recipientEmail""}","{""ImportId"":""externalDataReference""}","{""ImportId"":""locationLatitude""}","{""ImportId"":""locationLongitude""}","{""ImportId"":""distributionChannel""}","{""ImportId"":""userLanguage""}","{""ImportId"":""Q_RecaptchaScore""}","{""ImportId"":""Q_BallotBoxStuffing""}","{""ImportId"":""QID5""}","{""ImportId"":""QID6""}","{""ImportId"":""QID8""}","{""ImportId"":""QID9""}","{""ImportId"":""QID10""}","{""ImportId"":""QID16""}","{""ImportId"":""QID17""}","{""ImportId"":""QID18""}","{""ImportId"":""QID11""}","{""ImportId"":""QID12""}","{""ImportId"":""QID13""}","{""ImportId"":""QID14""}","{""ImportId"":""QID3""}","{""ImportId"":""QID3_4_TEXT""}","{""ImportId"":""QID4""}","{""ImportId"":""QID20""}","{""ImportId"":""SC_5aop4894e2yvPpQ""}","{""ImportId"":""Score""}"
2025-03-13 12:28:31,2025-03-13 12:29:04,IP Address,69.6.120.80,100,33,True,2025-03-13 12:29:05,R_6av5dGu4rHavUYx,,,,,44.5928,-75.1726,anonymous,EN,1,true,Somewhat disagree,No,Strongly agree,Neither agree nor disagree,Neither agree nor disagree,"No, I would rather skip these questions.",,,Strongly agree,Strongly agree,Strongly agree,Strongly agree,Woman,,26 - 32,Yes,12,12
2025-03-14 12:20:36,2025-03-14 12:21:52,IP Address,174.112.44.84,100,75,True,2025-03-14 12:21:52,R_32bF1tNnfbhJcp6,,,,,45.2881,-75.8572,anonymous,EN,0.8999999761581421,,Strongly disagree,Yes,Somewhat agree,Somewhat agree,Somewhat agree,"Yes, I will proceed with questions that include pictures of snakes.","IM_2lGxsiH4vRe9cG9,IM_SqhUYCgOPt3dpo8,IM_MxZjv2tEeUzJljT,IM_zLbGdV01rxORYdo",IM_zLbGdV01rxORYdo,Strongly agree,Strongly agree,Strongly agree,Strongly agree,Woman,,18 - 25,Yes,12,12
2025-03-14 12:25:31,2025-03-14 12:29:44,IP Address,166.194.188.133,100,253,True,2025-03-14 12:29:45,R_3QE0Vh3uFA4BoJy,,,,,43.1061,-75.2336,anonymous,EN,0.8999999761581421,,Neither agree nor disagree,Yes,Somewhat disagree,Somewhat agree,Neither agree nor disagree,"Yes, I will proceed with questions that include pictures of snakes.","IM_2lGxsiH4vRe9cG9,IM_zLbGdV01rxORYdo",IM_zLbGdV01rxORYdo,Strongly agree,Strongly agree,Somewhat agree,Strongly agree,Woman,,26 - 32,Yes,12,12
2025-03-14 13:04:01,2025-03-14 13:09:27,IP Address,98.97.18.82,100,325,True,2025-03-14 13:09:27,R_3iX7FxLqocxxqaR,,,,,40.7126,-74.0066,anonymous,EN,1,,Neither agree nor disagree,Yes,Strongly disagree,Strongly agree,Neither agree nor disagree,"Yes, I will proceed with questions that include pictures of snakes.","IM_2lGxsiH4vRe9cG9,IM_XlMlczVqhMZo0zG,IM_zLbGdV01rxORYdo,1",IM_zLbGdV01rxORYdo,Strongly agree,Strongly agree,Strongly agree,Somewhat agree,Man,,18 - 25,Yes,12,12
2025-03-14 13:20:08,2025-03-14 13:21:57,IP Address,69.6.119.182,100,108,True,2025-03-14 13:21:58,R_1gwJRpN0pfmQNU6,,,,,44.5928,-75.1726,anonymous,EN,1,,Strongly disagree,No,Strongly disagree,Somewhat agree,Neither agree nor disagree,"Yes, I will proceed with questions that include pictures of snakes.",IM_2lGxsiH4vRe9cG9,IM_9BwARSdPzIIprKK,Somewhat agree,Somewhat agree,Somewhat disagree,Somewhat agree,Man,,33 - 50,Yes,12,12
2025-03-14 13:48:50,2025-03-14 13:51:14,IP Address,204.186.3.226,100,143,True,2025-03-14 13:51:14,R_1NC6h87b3QsRVZf,,,,,40.8957,-75.3235,anonymous,EN,1,,Somewhat agree,Yes,Somewhat agree,Somewhat agree,Strongly agree,"Yes, I will proceed with questions that include pictures of snakes.","IM_2lGxsiH4vRe9cG9,IM_MxZjv2tEeUzJljT,IM_XlMlczVqhMZo0zG,IM_zLbGdV01rxORYdo",IM_zLbGdV01rxORYdo,Strongly agree,Strongly agree,Somewhat agree,Strongly agree,Man,,50+,No,12,12
2025-03-14 14:45:28,2025-03-14 14:47:37,IP Address,69.6.101.114,100,129,True,2025-03-14 14:47:38,R_31Bn4mY4JBLjEq9,,,,,44.5928,-75.1726,anonymous,EN,1,,Neither agree nor disagree,Yes,Somewhat disagree,Strongly agree,Neither agree nor disagree,"Yes, I will proceed with questions that include pictures of snakes.","IM_2lGxsiH4vRe9cG9,IM_MxZjv2tEeUzJljT,IM_zLbGdV01rxORYdo,1",IM_zLbGdV01rxORYdo,Strongly agree,Somewhat agree,Strongly agree,Strongly agree,Man,,18 - 25,No,12,12
2025-03-14 14:45:51,2025-03-14 14:47:48,IP Address,69.6.101.98,100,116,True,2025-03-14 14:47:48,R_5aQWqLqaNDRwCDz,,,,,44.5928,-75.1726,anonymous,EN,1,,Strongly disagree,Yes,Strongly disagree,Strongly agree,Somewhat disagree,"Yes, I will proceed with questions that include pictures of snakes.","IM_2lGxsiH4vRe9cG9,IM_MxZjv2tEeUzJljT,IM_zLbGdV01rxORYdo",IM_zLbGdV01rxORYdo,Somewhat agree,Strongly agree,Somewhat agree,Somewhat agree,Woman,,26 - 32,No,12,12
2025-03-14 14:46:05,2025-03-14 14:47:53,IP Address,69.6.101.136,100,107,True,2025-03-14 14:47:53,R_5dFx64qVMH05ICy,,,,,44.5928,-75.1726,anonymous,EN,1,,Neither agree nor disagree,No,Strongly disagree,Somewhat agree,Strongly agree,"Yes, I will proceed with questions that include pictures of snakes.","IM_2lGxsiH4vRe9cG9,IM_XlMlczVqhMZo0zG,IM_zLbGdV01rxORYdo,1",IM_zLbGdV01rxORYdo,Strongly agree,Strongly agree,Somewhat disagree,Strongly agree,Woman,,50+,No,12,12
2025-03-14 14:45:36,2025-03-14 14:48:15,IP Address,69.6.101.95,100,158,True,2025-03-14 14:48:15,R_3rvUunmOU6k4BPj,,,,,44.5928,-75.1726,anonymous,EN,1,,Somewhat disagree,No,Strongly disagree,Somewhat agree,Neither agree nor disagree,"Yes, I will proceed with questions that include pictures of snakes.","IM_2lGxsiH4vRe9cG9,IM_MxZjv2tEeUzJljT,IM_zLbGdV01rxORYdo,1",IM_zLbGdV01rxORYdo,Strongly agree,Somewhat agree,Strongly agree,Strongly agree,Man,,33 - 50,No,12,12
2025-03-14 14:48:06,2025-03-14 14:49:37,IP Address,69.6.110.1,100,91,True,2025-03-14 14:49:39,R_6EGzTektHmldHah,,,,,44.5928,-75.1726,anonymous,EN,0.8999999761581421,,Neither agree nor disagree,Yes,Strongly disagree,Somewhat agree,Neither agree nor disagree,"Yes, I will proceed with questions that include pictures of snakes.","IM_2lGxsiH4vRe9cG9,IM_MxZjv2tEeUzJljT,1",IM_9BwARSdPzIIprKK,Strongly agree,Neither agree nor disagree,Neither agree nor disagree,Strongly agree,Man,,26 - 32,Yes,12,12
2025-03-14 14:49:52,2025-03-14 14:51:39,IP Address,69.6.112.93,100,106,True,2025-03-14 14:51:39,R_6BA0aAD6v2lucb2,,,,,44.5928,-75.1726,anonymous,EN,1,,Somewhat agree,No,Strongly disagree,Somewhat agree,Neither agree nor disagree,"Yes, I will proceed with questions that include pictures of snakes.","IM_2lGxsiH4vRe9cG9,IM_XlMlczVqhMZo0zG,IM_zLbGdV01rxORYdo",IM_zLbGdV01rxORYdo,Strongly agree,Somewhat agree,Strongly agree,Strongly agree,Woman,,33 - 50,No,12,12
2025-03-14 14:50:11,2025-03-14 14:51:41,IP Address,172.226.198.15,100,90,True,2025-03-14 14:51:43,R_1xFcATDCUPZyvzA,,,,,40.7126,-74.0066,anonymous,EN,1,,Strongly disagree,Yes,Strongly disagree,Somewhat agree,Neither agree nor disagree,"Yes, I will proceed with questions that include pictures of snakes.","IM_2lGxsiH4vRe9cG9,IM_MxZjv2tEeUzJljT,IM_zLbGdV01rxORYdo",IM_2lGxsiH4vRe9cG9,Strongly agree,Somewhat agree,Strongly agree,Strongly agree,Woman,,33 - 50,Yes,12,12
2025-03-14 14:50:32,2025-03-14 14:52:40,IP Address,69.6.118.219,100,128,True,2025-03-14 14:52:41,R_1mCQIUwEbDdphZs,,,,,44.5928,-75.1726,anonymous,EN,0.8999999761581421,,Somewhat agree,Yes,Somewhat disagree,Somewhat agree,Somewhat agree,"Yes, I will proceed with questions that include pictures of snakes.","IM_2lGxsiH4vRe9cG9,IM_MxZjv2tEeUzJljT,IM_zLbGdV01rxORYdo",IM_2lGxsiH4vRe9cG9,Strongly agree,Strongly agree,Somewhat agree,Strongly agree,Man,,50+,Yes,12,12
2025-03-14 14:49:54,2025-03-14 14:53:03,IP Address,69.6.119.159,100,188,True,2025-03-14 14:53:03,R_796xaV2MC4YHade,,,,,44.5928,-75.1726,anonymous,EN,1,,Strongly disagree,Yes,Somewhat agree,Strongly agree,Neither agree nor disagree,"Yes, I will proceed with questions that include pictures of snakes.","IM_SqhUYCgOPt3dpo8,IM_XlMlczVqhMZo0zG,IM_zLbGdV01rxORYdo,1",IM_zLbGdV01rxORYdo,Strongly agree,Strongly agree,Strongly agree,Strongly agree,Woman,,33 - 50,Yes,12,12
2025-03-14 14:50:23,2025-03-14 14:55:07,IP Address,104.28.55.231,100,283,True,2025-03-14 14:55:07,R_3aS9r88UqI3CAcH,,,,,40.6186,-73.9272,anonymous,EN,1,,Somewhat disagree,Yes,Somewhat disagree,Somewhat agree,Somewhat agree,"Yes, I will proceed with questions that include pictures of snakes.","IM_2lGxsiH4vRe9cG9,IM_SqhUYCgOPt3dpo8,IM_MxZjv2tEeUzJljT,IM_zLbGdV01rxORYdo",IM_zLbGdV01rxORYdo,Strongly agree,Somewhat agree,Strongly agree,Strongly agree,Man,,50+,Yes,12,12
2025-03-14 14:52:53,2025-03-14 14:55:02,IP Address,38.248.43.189,100,129,True,2025-03-14 14:55:10,R_1DnGnZaB51dlSkp,,,,,44.7273,-75.321,anonymous,EN,1,,Neither agree nor disagree,Yes,Somewhat agree,Somewhat agree,Neither agree nor disagree,"Yes, I will proceed with questions that include pictures of snakes.","IM_2lGxsiH4vRe9cG9,IM_SqhUYCgOPt3dpo8,IM_MxZjv2tEeUzJljT,IM_zLbGdV01rxORYdo",IM_zLbGdV01rxORYdo,Somewhat agree,Strongly agree,Strongly agree,Somewhat agree,Woman,,33 - 50,Yes,12,12
2025-03-14 14:51:59,2025-03-14 14:55:32,IP Address,68.216.63.78,100,212,True,2025-03-14 14:55:32,R_1WUNsEhJFwSQPhN,,,,,40.6704,-73.6981,anonymous,EN,1,,Strongly disagree,No,Strongly disagree,Strongly agree,Neither agree nor disagree,"Yes, I will proceed with questions that include pictures of snakes.","IM_2lGxsiH4vRe9cG9,IM_zLbGdV01rxORYdo,1",IM_zLbGdV01rxORYdo,Somewhat agree,Somewhat agree,Strongly agree,Somewhat agree,Woman,,Prefer not to say,No,12,12
2025-03-14 14:52:52,2025-03-14 14:55:54,IP Address,69.6.127.104,100,182,True,2025-03-14 14:55:55,R_3JEMG5rp6lOblUI,,,,,44.5928,-75.1726,anonymous,EN,1,,Somewhat disagree,No,Strongly disagree,Strongly agree,Neither agree nor disagree,"Yes, I will proceed with questions that include pictures of snakes.","IM_2lGxsiH4vRe9cG9,IM_SqhUYCgOPt3dpo8,IM_MxZjv2tEeUzJljT,1",IM_zLbGdV01rxORYdo,Somewhat agree,Strongly agree,Somewhat agree,Strongly agree,Woman,,50+,Yes,12,12
2025-03-14 14:55:51,2025-03-14 14:58:52,IP Address,67.249.18.232,100,181,True,2025-03-14 14:58:53,R_3LLPB9ZVADxxt2j,,,,,44.6611,-74.9708,anonymous,EN,1,,Somewhat disagree,Yes,Somewhat disagree,Strongly agree,Neither agree nor disagree,"Yes, I will proceed with questions that include pictures of snakes.","IM_2lGxsiH4vRe9cG9,IM_MxZjv2tEeUzJljT,IM_zLbGdV01rxORYdo",IM_zLbGdV01rxORYdo,Somewhat agree,Somewhat agree,Strongly agree,Strongly agree,Prefer not to say,,33 - 50,No,12,12
2025-03-14 14:58:06,2025-03-14 14:59:36,IP Address,67.241.82.163,100,90,True,2025-03-14 14:59:36,R_70THLvdVh0ZMIKq,,,,,44.6611,-74.9708,anonymous,EN,1,,Somewhat disagree,No,Strongly disagree,Somewhat agree,Somewhat agree,"Yes, I will proceed with questions that include pictures of snakes.","IM_2lGxsiH4vRe9cG9,IM_MxZjv2tEeUzJljT,IM_zLbGdV01rxORYdo,1",IM_2lGxsiH4vRe9cG9,Strongly disagree,Strongly agree,Somewhat agree,Strongly agree,Woman,,33 - 50,Yes,12,12
2025-03-14 15:00:41,2025-03-14 15:03:01,IP Address,69.6.101.144,100,139,True,2025-03-14 15:03:01,R_7eJf89ZnTKAoOnT,,,,,44.5928,-75.1726,anonymous,EN,1,,Somewhat agree,Yes,Somewhat agree,Somewhat agree,Strongly agree,"Yes, I will proceed with questions that include pictures of snakes.","IM_2lGxsiH4vRe9cG9,IM_MxZjv2tEeUzJljT,IM_zLbGdV01rxORYdo",IM_zLbGdV01rxORYdo,Strongly agree,Strongly agree,Somewhat agree,Strongly agree,Woman,,33 - 50,Yes,12,12
2025-03-14 14:57:26,2025-03-14 15:03:23,IP Address,69.6.110.88,100,356,True,2025-03-14 15:03:24,R_11LniKhy2nuVWox,,,,,44.5928,-75.1726,anonymous,EN,1,,Strongly disagree,Yes,Strongly disagree,Somewhat agree,Neither agree nor disagree,"Yes, I will proceed with questions that include pictures of snakes.","IM_2lGxsiH4vRe9cG9,IM_MxZjv2tEeUzJljT,IM_zLbGdV01rxORYdo",IM_zLbGdV01rxORYdo,Strongly agree,Strongly agree,Strongly agree,Strongly agree,Man,,33 - 50,Yes,12,12
2025-03-14 14:57:08,2025-03-14 15:04:13,IP Address,69.6.111.125,100,424,True,2025-03-14 15:04:13,R_6SeIjk5Ih8n6WSl,,,,,44.5928,-75.1726,anonymous,EN,1,,Strongly disagree,Yes,Somewhat agree,Strongly agree,Strongly disagree,"Yes, I will proceed with questions that include pictures of snakes.","IM_2lGxsiH4vRe9cG9,IM_MxZjv2tEeUzJljT,IM_XlMlczVqhMZo0zG,IM_zLbGdV01rxORYdo",IM_zLbGdV01rxORYdo,Somewhat agree,Somewhat disagree,Strongly agree,Somewhat agree,Woman,,26 - 32,Yes,12,12
2025-03-14 15:02:47,2025-03-14 15:05:57,IP Address,67.249.28.220,100,189,True,2025-03-14 15:05:57,R_7OYn0vLgXytfamZ,,,,,44.6611,-74.9708,anonymous,EN,1,,Strongly agree,Yes,Somewhat agree,Somewhat disagree,Strongly agree,"Yes, I will proceed with questions that include pictures of snakes.","IM_2lGxsiH4vRe9cG9,IM_MxZjv2tEeUzJljT,IM_XlMlczVqhMZo0zG,IM_zLbGdV01rxORYdo",IM_zLbGdV01rxORYdo,Strongly agree,Strongly agree,Strongly disagree,Strongly agree,Man,,50+,Yes,12,12
2025-03-14 15:01:15,2025-03-14 15:08:37,IP Address,69.6.101.127,100,442,True,2025-03-14 15:08:37,R_3EuHpwp3CkrylaK,,,,,44.5928,-75.1726,anonymous,EN,1,,Somewhat disagree,No,Strongly disagree,Neither agree nor disagree,Neither agree nor disagree,"Yes, I will proceed with questions that include pictures of snakes.","IM_2lGxsiH4vRe9cG9,IM_MxZjv2tEeUzJljT,IM_zLbGdV01rxORYdo,1",IM_zLbGdV01rxORYdo,Strongly agree,Strongly agree,Somewhat disagree,Strongly disagree,Woman,,33 - 50,Yes,12,12
2025-03-14 15:09:43,2025-03-14 15:12:51,IP Address,67.255.5.30,100,188,True,2025-03-14 15:12:51,R_7RHPXBke3Sftbyx,,,,,44.8509,-74.2927,anonymous,EN,1,,Strongly disagree,No,Strongly disagree,Strongly agree,Somewhat disagree,"Yes, I will proceed with questions that include pictures of snakes.","IM_MxZjv2tEeUzJljT,IM_zLbGdV01rxORYdo",IM_zLbGdV01rxORYdo,Strongly agree,Strongly agree,Somewhat disagree,Somewhat agree,Man,,33 - 50,Yes,12,12
2025-03-14 15:15:38,2025-03-14 15:17:51,IP Address,69.6.125.31,100,133,True,2025-03-14 15:17:52,R_3yGpKFYScQVZp8l,,,,,44.5928,-75.1726,anonymous,EN,1,,Strongly disagree,No,Strongly disagree,Strongly agree,Somewhat disagree,"Yes, I will proceed with questions that include pictures of snakes.","IM_zLbGdV01rxORYdo,1",IM_zLbGdV01rxORYdo,Somewhat agree,Somewhat agree,Strongly agree,Somewhat agree,Woman,,33 - 50,Yes,12,12
2025-03-14 15:18:10,2025-03-14 15:21:15,IP Address,69.6.101.216,100,184,True,2025-03-14 15:21:15,R_1KB1XHwh16ydVRV,,,,,44.5928,-75.1726,anonymous,EN,0.8999999761581421,,Neither agree nor disagree,No,Strongly disagree,Strongly agree,Strongly agree,"Yes, I will proceed with questions that include pictures of snakes.",,IM_zLbGdV01rxORYdo,Strongly agree,Neither agree nor disagree,Strongly agree,Strongly agree,Man,,33 - 50,Yes,12,12
2025-03-14 15:21:38,2025-03-14 15:22:49,IP Address,69.6.101.152,100,71,True,2025-03-14 15:22:50,R_1zWBC4bthcX2uGd,,,,,44.5928,-75.1726,anonymous,EN,1,,Neither agree nor disagree,No,Strongly disagree,Neither agree nor disagree,Neither agree nor disagree,"No, I would rather skip these questions.",,,Strongly agree,Somewhat agree,Somewhat agree,Strongly agree,Woman,,26 - 32,Yes,12,12
2025-03-14 15:26:45,2025-03-14 15:28:15,IP Address,69.6.124.93,100,90,True,2025-03-14 15:28:16,R_32QKbHYsh6d0FMv,,,,,44.5928,-75.1726,anonymous,EN,1,,Neither agree nor disagree,No,Somewhat disagree,Somewhat agree,Somewhat agree,"Yes, I will proceed with questions that include pictures of snakes.","IM_2lGxsiH4vRe9cG9,IM_zLbGdV01rxORYdo",IM_zLbGdV01rxORYdo,Strongly agree,Somewhat agree,Somewhat agree,Strongly agree,Man,,26 - 32,Yes,12,12
2025-03-14 15:27:08,2025-03-14 15:29:28,IP Address,104.229.183.169,100,139,True,2025-03-14 15:29:28,R_3qkX6c61M9oK3Vn,,,,,44.6611,-74.9708,anonymous,EN,1,,Strongly disagree,Yes,Somewhat agree,Somewhat agree,Neither agree nor disagree,"No, I would rather skip these questions.",,,Strongly agree,Somewhat agree,Somewhat agree,Strongly agree,Woman,,33 - 50,Yes,12,12
2025-03-14 15:27:47,2025-03-14 15:31:01,IP Address,69.6.101.148,100,193,True,2025-03-14 15:31:02,R_3r2iz8MMu2rDzCq,,,,,44.5928,-75.1726,anonymous,EN,1,,Strongly disagree,No,Strongly disagree,Strongly agree,Neither agree nor disagree,"Yes, I will proceed with questions that include pictures of snakes.","IM_2lGxsiH4vRe9cG9,IM_MxZjv2tEeUzJljT,IM_zLbGdV01rxORYdo",IM_SqhUYCgOPt3dpo8,Strongly agree,Strongly agree,Somewhat disagree,Strongly agree,Woman,,50+,Yes,12,12
2025-03-14 15:28:59,2025-03-14 15:31:28,IP Address,108.12.48.192,100,148,True,2025-03-14 15:31:28,R_5OoGc0mib4RdFHX,,,,,43.0842,-75.2287,anonymous,EN,1,,Somewhat disagree,Yes,Somewhat agree,Neither agree nor disagree,Somewhat agree,"Yes, I will proceed with questions that include pictures of snakes.","IM_2lGxsiH4vRe9cG9,IM_MxZjv2tEeUzJljT,IM_zLbGdV01rxORYdo,1",IM_zLbGdV01rxORYdo,Strongly agree,Strongly agree,Neither agree nor disagree,Strongly agree,Man,,50+,No,12,12
2025-03-14 15:33:00,2025-03-14 15:34:54,IP Address,69.6.101.167,100,114,True,2025-03-14 15:34:55,R_1cB1sq6ULasefyW,,,,,44.5928,-75.1726,anonymous,EN,1,,Strongly disagree,Yes,Somewhat agree,Strongly agree,Somewhat disagree,"No, I would rather skip these questions.",,,Strongly agree,Strongly agree,Somewhat agree,Neither agree nor disagree,Woman,,33 - 50,No,12,12
2025-03-14 15:26:06,2025-03-14 15:35:38,IP Address,76.37.240.6,100,572,True,2025-03-14 15:35:39,R_7jkpF0XfxJUrzwY,,,,,44.6611,-74.9708,anonymous,EN,0.8999999761581421,,Somewhat agree,Yes,Strongly disagree,Somewhat agree,Somewhat agree,"Yes, I will proceed with questions that include pictures of snakes.","IM_2lGxsiH4vRe9cG9,IM_MxZjv2tEeUzJljT,IM_zLbGdV01rxORYdo,1",IM_zLbGdV01rxORYdo,Strongly agree,Strongly agree,Somewhat disagree,Strongly agree,Woman,,18 - 25,Yes,12,12
2025-03-14 15:49:25,2025-03-14 15:51:39,IP Address,69.6.122.229,100,133,True,2025-03-14 15:51:39,R_6M9zJQSvcH2G7Ns,,,,,44.5928,-75.1726,anonymous,EN,1,,Somewhat agree,Yes,Strongly disagree,Somewhat agree,Neither agree nor disagree,"Yes, I will proceed with questions that include pictures of snakes.","IM_2lGxsiH4vRe9cG9,IM_MxZjv2tEeUzJljT,IM_zLbGdV01rxORYdo",IM_zLbGdV01rxORYdo,Strongly agree,Strongly agree,Somewhat agree,Strongly agree,Woman,,26 - 32,Yes,12,12
2025-03-14 15:52:07,2025-03-14 15:53:30,IP Address,67.249.5.234,100,82,True,2025-03-14 15:53:30,R_7KJvwK3VWTV9QOZ,,,,,44.5928,-75.1726,anonymous,EN,0.8999999761581421,,Strongly disagree,Yes,Somewhat disagree,Somewhat disagree,Strongly disagree,"Yes, I will proceed with questions that include pictures of snakes.","IM_2lGxsiH4vRe9cG9,IM_MxZjv2tEeUzJljT,IM_zLbGdV01rxORYdo",IM_zLbGdV01rxORYdo,Strongly agree,Strongly agree,Somewhat agree,Strongly agree,Man,,50+,Yes,12,12
2025-03-14 15:51:29,2025-03-14 15:53:49,IP Address,69.6.101.24,100,139,True,2025-03-14 15:53:50,R_7C3p5W4laU7xVpT,,,,,44.5928,-75.1726,anonymous,EN,1,,Somewhat disagree,No,Strongly disagree,Neither agree nor disagree,Neither agree nor disagree,"Yes, I will proceed with questions that include pictures of snakes.","IM_MxZjv2tEeUzJljT,IM_XlMlczVqhMZo0zG,1",IM_MxZjv2tEeUzJljT,Strongly agree,Strongly agree,Somewhat agree,Neither agree nor disagree,Woman,,33 - 50,Yes,12,12
2025-03-14 15:53:29,2025-03-14 15:55:12,IP Address,67.249.1.249,100,103,True,2025-03-14 15:55:12,R_3Crsuew1zZEQhAl,,,,,44.6611,-74.9708,anonymous,EN,1,,Neither agree nor disagree,Yes,Somewhat agree,Neither agree nor disagree,Strongly agree,"Yes, I will proceed with questions that include pictures of snakes.","IM_2lGxsiH4vRe9cG9,IM_MxZjv2tEeUzJljT,IM_zLbGdV01rxORYdo",IM_zLbGdV01rxORYdo,Strongly agree,Strongly agree,Strongly agree,Strongly agree,Woman,,33 - 50,No,12,12
2025-03-14 16:22:55,2025-03-14 16:25:00,IP Address,69.6.110.249,100,124,True,2025-03-14 16:25:00,R_67vle68kVqwQpQR,,,,,44.5928,-75.1726,anonymous,EN,1,,Strongly disagree,No,Strongly disagree,Strongly agree,Strongly disagree,"Yes, I will proceed with questions that include pictures of snakes.","IM_2lGxsiH4vRe9cG9,IM_MxZjv2tEeUzJljT,IM_XlMlczVqhMZo0zG,IM_zLbGdV01rxORYdo",IM_zLbGdV01rxORYdo,Somewhat agree,Somewhat agree,Somewhat agree,Somewhat agree,Man,,18 - 25,Yes,12,12
2025-03-14 16:35:21,2025-03-14 16:41:08,IP Address,38.248.33.66,100,346,True,2025-03-14 16:41:09,R_7DY9Tfe3CzO5is3,,,,,44.826,-74.5248,anonymous,EN,0.8999999761581421,,Strongly agree,Yes,Strongly agree,Somewhat agree,Somewhat agree,"Yes, I will proceed with questions that include pictures of snakes.","IM_2lGxsiH4vRe9cG9,IM_MxZjv2tEeUzJljT,IM_zLbGdV01rxORYdo",IM_zLbGdV01rxORYdo,Strongly agree,Strongly agree,Somewhat agree,Strongly agree,Man,,50+,No,12,12
2025-03-14 16:47:29,2025-03-14 16:50:38,IP Address,64.44.118.61,100,188,True,2025-03-14 16:50:38,R_14kEkrtWOTo8S0s,,,,,42.8864,-78.8781,anonymous,EN,0.8999999761581421,,Strongly disagree,Yes,Neither agree nor disagree,Somewhat agree,Strongly agree,"Yes, I will proceed with questions that include pictures of snakes.","IM_2lGxsiH4vRe9cG9,IM_zLbGdV01rxORYdo",IM_zLbGdV01rxORYdo,Strongly agree,Somewhat agree,Somewhat agree,Strongly agree,Prefer not to say,,26 - 32,Yes,12,12
2025-03-14 17:51:48,2025-03-14 17:54:37,IP Address,98.97.23.121,100,168,True,2025-03-14 17:54:37,R_1wAb2UuXsTjpxx8,,,,,40.7126,-74.0066,anonymous,EN,1,,Neither agree nor disagree,Yes,Somewhat agree,Neither agree nor disagree,Somewhat agree,"Yes, I will proceed with questions that include pictures of snakes.","IM_2lGxsiH4vRe9cG9,IM_zLbGdV01rxORYdo",IM_zLbGdV01rxORYdo,Strongly agree,Strongly agree,Strongly agree,Strongly agree,Man,,33 - 50,Yes,12,12
2025-03-14 17:57:15,2025-03-14 18:01:47,IP Address,38.248.35.83,100,271,True,2025-03-14 18:01:47,R_7k16chdqPusi1M9,,,,,44.7273,-75.321,anonymous,EN,0.8999999761581421,,Strongly agree,Yes,Somewhat agree,Somewhat disagree,Somewhat agree,"Yes, I will proceed with questions that include pictures of snakes.","IM_MxZjv2tEeUzJljT,IM_XlMlczVqhMZo0zG,IM_zLbGdV01rxORYdo,1",IM_zLbGdV01rxORYdo,Strongly agree,Strongly agree,Strongly agree,Somewhat agree,Man,,50+,Yes,12,12
2025-03-14 18:11:54,2025-03-14 18:14:15,IP Address,76.37.239.115,100,141,True,2025-03-14 18:14:16,R_6tgg3FQAomkvpDP,,,,,44.6611,-74.9708,anonymous,EN,1,,Strongly agree,Yes,Somewhat disagree,Somewhat agree,Somewhat agree,"Yes, I will proceed with questions that include pictures of snakes.","IM_2lGxsiH4vRe9cG9,IM_MxZjv2tEeUzJljT,1",IM_zLbGdV01rxORYdo,Strongly agree,Somewhat agree,Strongly agree,Strongly agree,Man,,50+,No,12,12
2025-03-14 18:17:11,2025-03-14 18:19:22,IP Address,173.245.146.217,100,131,True,2025-03-14 18:19:23,R_7QG5QgqNZLazsIa,,,,,44.5928,-75.1726,anonymous,EN,1,,Somewhat disagree,Yes,Strongly disagree,Somewhat disagree,Somewhat disagree,"Yes, I will proceed with questions that include pictures of snakes.","IM_2lGxsiH4vRe9cG9,IM_MxZjv2tEeUzJljT,IM_zLbGdV01rxORYdo",IM_zLbGdV01rxORYdo,Strongly agree,Strongly agree,Strongly disagree,Somewhat disagree,Woman,,33 - 50,Yes,12,12
2025-03-14 18:37:10,2025-03-14 18:39:06,IP Address,108.183.246.89,100,116,True,2025-03-14 18:39:06,R_1rXQZzD8U6BALyF,,,,,44.689,-75.4811,anonymous,EN,1,,Somewhat agree,No,Strongly disagree,Somewhat agree,Somewhat disagree,"Yes, I will proceed with questions that include pictures of snakes.","IM_2lGxsiH4vRe9cG9,IM_MxZjv2tEeUzJljT,IM_zLbGdV01rxORYdo,1",IM_zLbGdV01rxORYdo,Strongly agree,Strongly agree,Strongly agree,Strongly agree,Woman,,33 - 50,Yes,12,12
2025-03-14 19:00:32,2025-03-14 19:04:05,IP Address,102.219.208.221,100,213,True,2025-03-14 19:04:06,R_8O1YEXWaq0ptiN2,,,,,-1.2841,36.8155,anonymous,EN,1,,Somewhat agree,Yes,Strongly agree,Neither agree nor disagree,Strongly agree,"Yes, I will proceed with questions that include pictures of snakes.","IM_2lGxsiH4vRe9cG9,IM_XlMlczVqhMZo0zG,IM_zLbGdV01rxORYdo,1",IM_zLbGdV01rxORYdo,Somewhat agree,Somewhat agree,Strongly agree,Strongly agree,Man,,26 - 32,Yes,12,12
2025-03-14 19:02:27,2025-03-14 19:07:39,IP Address,187.189.50.253,100,312,True,2025-03-14 19:07:39,R_34yU8J12ZPhopcl,,,,,21.0555,-86.8462,anonymous,EN,1,,Somewhat agree,No,Strongly disagree,Somewhat disagree,Somewhat agree,"Yes, I will proceed with questions that include pictures of snakes.","IM_2lGxsiH4vRe9cG9,IM_MxZjv2tEeUzJljT,1",IM_9BwARSdPzIIprKK,Strongly agree,Strongly agree,Somewhat agree,Strongly agree,Woman,,50+,Yes,12,12
2025-03-14 19:08:52,2025-03-14 19:18:17,IP Address,104.229.180.87,100,564,True,2025-03-14 19:18:17,R_5WDprX6ssd7ZXCM,,,,,44.5928,-75.1726,anonymous,EN,1,,Neither agree nor disagree,Yes,Somewhat disagree,Somewhat disagree,Somewhat agree,"Yes, I will proceed with questions that include pictures of snakes.","IM_2lGxsiH4vRe9cG9,IM_zLbGdV01rxORYdo",IM_zLbGdV01rxORYdo,Strongly agree,Strongly agree,Strongly disagree,Somewhat agree,Man,,33 - 50,Yes,12,12
2025-03-14 19:28:33,2025-03-14 19:30:29,IP Address,104.229.180.87,100,116,True,2025-03-14 19:30:30,R_6hyUizPBSpF8o0z,,,,,44.5928,-75.1726,anonymous,EN,1,,Strongly disagree,No,Strongly disagree,Strongly agree,Neither agree nor disagree,"Yes, I will proceed with questions that include pictures of snakes.","IM_2lGxsiH4vRe9cG9,IM_MxZjv2tEeUzJljT,IM_zLbGdV01rxORYdo",IM_zLbGdV01rxORYdo,Strongly agree,Strongly agree,Strongly agree,Neither agree nor disagree,Woman,,33 - 50,Yes,12,12
2025-03-14 19:36:26,2025-03-14 19:38:34,IP Address,67.249.3.212,100,128,True,2025-03-14 19:38:34,R_3P7Z9SRbi9YRNzz,,,,,44.6611,-74.9708,anonymous,EN,1,,Strongly agree,No,Strongly disagree,Somewhat agree,Neither agree nor disagree,"Yes, I will proceed with questions that include pictures of snakes.","IM_2lGxsiH4vRe9cG9,IM_zLbGdV01rxORYdo",IM_9BwARSdPzIIprKK,Strongly agree,Strongly agree,Somewhat agree,Strongly agree,Woman,,33 - 50,Yes,12,12
2025-03-14 19:36:38,2025-03-14 19:40:05,IP Address,68.100.73.159,100,206,True,2025-03-14 19:40:05,R_504VIxFVu1r5RdL,,,,,38.3,-77.4739,anonymous,EN,1,,Somewhat disagree,Yes,Somewhat disagree,Neither agree nor disagree,Neither agree nor disagree,"Yes, I will proceed with questions that include pictures of snakes.","IM_2lGxsiH4vRe9cG9,IM_SqhUYCgOPt3dpo8,IM_MxZjv2tEeUzJljT,IM_XlMlczVqhMZo0zG,IM_zLbGdV01rxORYdo,1",IM_zLbGdV01rxORYdo,Strongly agree,Strongly agree,Strongly agree,Strongly agree,Woman,,50+,Yes,12,12
2025-03-14 20:47:44,2025-03-14 20:53:07,IP Address,67.241.80.17,100,322,True,2025-03-14 20:53:08,R_7pWsu2pqakBqTnw,,,,,44.6611,-74.9708,anonymous,EN,1,,Strongly agree,Yes,Strongly disagree,Strongly agree,Neither agree nor disagree,"Yes, I will proceed with questions that include pictures of snakes.","IM_2lGxsiH4vRe9cG9,IM_MxZjv2tEeUzJljT,IM_zLbGdV01rxORYdo,1",IM_zLbGdV01rxORYdo,Strongly agree,Strongly agree,Strongly agree,Strongly agree,Woman,,33 - 50,Yes,12,12
2025-03-14 21:12:35,2025-03-14 21:16:50,IP Address,96.61.0.96,100,254,True,2025-03-14 21:16:51,R_3CBhZ0dvZHWVqoH,,,,,44.4673,-75.2305,anonymous,EN,1,,Somewhat disagree,Yes,Strongly disagree,Somewhat agree,Somewhat agree,"Yes, I will proceed with questions that include pictures of snakes.","IM_2lGxsiH4vRe9cG9,IM_zLbGdV01rxORYdo",IM_zLbGdV01rxORYdo,Strongly agree,Strongly agree,Somewhat agree,Strongly agree,Woman,,50+,No,12,12
2025-03-14 21:51:12,2025-03-14 21:54:23,IP Address,67.249.6.130,100,191,True,2025-03-14 21:54:24,R_5dc3NskoEK6sEVX,,,,,44.6611,-74.9708,anonymous,EN,1,,Somewhat agree,Yes,Somewhat agree,Somewhat agree,Strongly agree,"Yes, I will proceed with questions that include pictures of snakes.","IM_2lGxsiH4vRe9cG9,IM_MxZjv2tEeUzJljT,IM_zLbGdV01rxORYdo,1",IM_zLbGdV01rxORYdo,Strongly agree,Strongly agree,Somewhat disagree,Strongly agree,Woman,,50+,Yes,12,12
2025-03-14 22:12:36,2025-03-14 22:14:13,IP Address,67.249.11.179,100,96,True,2025-03-14 22:14:13,R_38A7Pb1T8ITL6SA,,,,,44.6611,-74.9708,anonymous,EN,1,,Strongly disagree,No,Strongly disagree,Neither agree nor disagree,Neither agree nor disagree,"Yes, I will proceed with questions that include pictures of snakes.","IM_2lGxsiH4vRe9cG9,IM_MxZjv2tEeUzJljT,IM_XlMlczVqhMZo0zG,IM_zLbGdV01rxORYdo",IM_zLbGdV01rxORYdo,Strongly agree,Strongly agree,Somewhat agree,Strongly agree,Woman,,33 - 50,Yes,12,12
2025-03-15 07:36:25,2025-03-15 07:38:30,IP Address,141.149.232.155,100,124,True,2025-03-15 07:38:30,R_3k2KmMy3gKcqtmp,,,,,44.2094,-75.7979,anonymous,EN,0.8999999761581421,,Strongly agree,Yes,Somewhat disagree,Somewhat agree,Somewhat agree,"Yes, I will proceed with questions that include pictures of snakes.","IM_2lGxsiH4vRe9cG9,IM_SqhUYCgOPt3dpo8,IM_MxZjv2tEeUzJljT,IM_zLbGdV01rxORYdo,1",IM_zLbGdV01rxORYdo,Strongly agree,Strongly agree,Strongly disagree,Strongly agree,Woman,,33 - 50,Yes,12,12
2025-03-15 09:11:34,2025-03-15 09:13:25,IP Address,104.28.133.29,100,111,True,2025-03-15 09:13:26,R_32GqrIbzDH1NSRW,,,,,45.4153,-75.6894,anonymous,EN,1,,Strongly agree,Yes,Somewhat agree,Strongly disagree,Somewhat agree,"Yes, I will proceed with questions that include pictures of snakes.","IM_2lGxsiH4vRe9cG9,IM_MxZjv2tEeUzJljT",IM_zLbGdV01rxORYdo,Somewhat agree,Somewhat agree,Strongly agree,Neither agree nor disagree,Man,,50+,Yes,12,12
2025-03-15 10:20:25,2025-03-15 10:21:58,IP Address,67.249.8.134,100,92,True,2025-03-15 10:21:58,R_1CBYZSILyKIbQLj,,,,,44.6611,-74.9708,anonymous,EN,0.8999999761581421,,Neither agree nor disagree,Yes,Somewhat disagree,Strongly agree,Somewhat disagree,"Yes, I will proceed with questions that include pictures of snakes.","IM_2lGxsiH4vRe9cG9,IM_MxZjv2tEeUzJljT,IM_zLbGdV01rxORYdo",IM_zLbGdV01rxORYdo,Strongly agree,Strongly agree,Somewhat disagree,Strongly agree,Woman,,33 - 50,Yes,12,12
2025-03-15 10:37:55,2025-03-15 10:40:10,IP Address,67.249.21.151,100,135,True,2025-03-15 10:40:11,R_3BRboNuI5fV2b9L,,,,,44.6611,-74.9708,anonymous,EN,1,,Strongly disagree,No,Strongly disagree,Strongly agree,Neither agree nor disagree,"Yes, I will proceed with questions that include pictures of snakes.","IM_2lGxsiH4vRe9cG9,IM_MxZjv2tEeUzJljT",IM_zLbGdV01rxORYdo,Strongly agree,Strongly agree,Somewhat agree,Somewhat agree,Woman,,50+,Yes,12,12
2025-03-15 11:04:21,2025-03-15 11:06:18,IP Address,98.97.21.112,100,117,True,2025-03-15 11:06:18,R_3yseKboUAOHSpPk,,,,,40.7126,-74.0066,anonymous,EN,1,,Somewhat agree,Yes,Somewhat agree,Somewhat agree,Somewhat agree,"Yes, I will proceed with questions that include pictures of snakes.","IM_2lGxsiH4vRe9cG9,IM_MxZjv2tEeUzJljT,IM_XlMlczVqhMZo0zG,1",IM_zLbGdV01rxORYdo,Strongly agree,Strongly agree,Somewhat agree,Strongly agree,Woman,,33 - 50,Yes,12,12
2025-03-15 12:45:14,2025-03-15 12:48:40,IP Address,12.172.21.122,100,205,True,2025-03-15 12:48:41,R_3oTRriN258WQrYR,,,,,39.9486,-75.2339,anonymous,EN,1,,Strongly agree,Yes,Strongly agree,Strongly disagree,Strongly agree,"Yes, I will proceed with questions that include pictures of snakes.","IM_2lGxsiH4vRe9cG9,IM_MxZjv2tEeUzJljT",IM_zLbGdV01rxORYdo,Strongly agree,Strongly agree,Somewhat agree,Strongly agree,Man,,50+,Yes,12,12
2025-03-15 12:55:13,2025-03-15 12:58:00,IP Address,76.37.239.131,100,166,True,2025-03-15 12:58:01,R_3kaIjvCGz92Pw5n,,,,,44.6611,-74.9708,anonymous,EN,1,,Somewhat disagree,Yes,Somewhat agree,Somewhat agree,Strongly agree,"Yes, I will proceed with questions that include pictures of snakes.","IM_2lGxsiH4vRe9cG9,IM_zLbGdV01rxORYdo",IM_zLbGdV01rxORYdo,Strongly agree,Strongly agree,Strongly disagree,Strongly agree,Woman,,50+,No,12,12
2025-03-15 13:16:44,2025-03-15 13:18:19,IP Address,24.97.142.98,100,94,True,2025-03-15 13:18:19,R_1CT4dAPDAnUUNXz,,,,,42.8656,-73.7709,anonymous,EN,0.800000011920929,,Strongly agree,Yes,Somewhat agree,Somewhat disagree,Strongly agree,"Yes, I will proceed with questions that include pictures of snakes.","IM_2lGxsiH4vRe9cG9,IM_MxZjv2tEeUzJljT,IM_zLbGdV01rxORYdo",IM_zLbGdV01rxORYdo,Strongly agree,Strongly agree,Somewhat agree,Strongly agree,Woman,,26 - 32,Yes,12,12
2025-03-15 13:53:28,2025-03-15 13:57:10,IP Address,209.87.248.102,100,221,True,2025-03-15 13:57:10,R_7qkipsQpfenzEht,,,,,44.8407,-75.5444,anonymous,EN,0.8999999761581421,,Strongly agree,Yes,Strongly agree,Strongly disagree,Strongly agree,"Yes, I will proceed with questions that include pictures of snakes.","IM_2lGxsiH4vRe9cG9,IM_MxZjv2tEeUzJljT",IM_zLbGdV01rxORYdo,Strongly agree,Strongly agree,Strongly disagree,Strongly agree,Woman,,50+,No,12,12
2025-03-15 14:10:00,2025-03-15 14:13:07,IP Address,67.249.2.68,100,186,True,2025-03-15 14:13:07,R_6R3kOKV9O4ooi8p,,,,,44.6611,-74.9708,anonymous,EN,1,,Neither agree nor disagree,Yes,Neither agree nor disagree,Strongly disagree,Neither agree nor disagree,"Yes, I will proceed with questions that include pictures of snakes.","IM_2lGxsiH4vRe9cG9,IM_MxZjv2tEeUzJljT,IM_XlMlczVqhMZo0zG,IM_zLbGdV01rxORYdo,1",IM_zLbGdV01rxORYdo,Strongly agree,Somewhat agree,Strongly agree,Strongly agree,Man,,50+,Yes,12,12
2025-03-15 16:02:18,2025-03-15 16:04:27,IP Address,136.144.35.13,100,128,True,2025-03-15 16:04:28,R_5zUnuswyivqzBQZ,,,,,40.2187,-74.7404,anonymous,EN,0.8999999761581421,,Somewhat agree,Yes,Somewhat agree,Somewhat agree,Somewhat agree,"Yes, I will proceed with questions that include pictures of snakes.",1,,Strongly agree,Somewhat agree,Somewhat agree,Strongly agree,Man,,26 - 32,Yes,12,12
2025-03-15 17:34:12,2025-03-15 17:42:20,IP Address,69.201.29.1,100,488,True,2025-03-15 17:42:21,R_5XxTfUGNqqdia1H,,,,,44.9323,-74.885,anonymous,EN,1,,Strongly disagree,Yes,Neither agree nor disagree,Somewhat agree,Neither agree nor disagree,"Yes, I will proceed with questions that include pictures of snakes.","IM_2lGxsiH4vRe9cG9,IM_SqhUYCgOPt3dpo8,IM_MxZjv2tEeUzJljT,IM_XlMlczVqhMZo0zG,IM_zLbGdV01rxORYdo",IM_zLbGdV01rxORYdo,Strongly agree,Strongly agree,Strongly disagree,Somewhat agree,Woman,,50+,Yes,12,12
2025-03-15 18:41:55,2025-03-15 18:44:29,IP Address,173.245.148.156,100,154,True,2025-03-15 18:44:29,R_7MRQV8SINITk9E5,,,,,44.6611,-74.9708,anonymous,EN,1,,Strongly agree,Yes,Strongly agree,Strongly disagree,Strongly agree,"Yes, I will proceed with questions that include pictures of snakes.","IM_2lGxsiH4vRe9cG9,IM_MxZjv2tEeUzJljT,IM_XlMlczVqhMZo0zG,IM_zLbGdV01rxORYdo",IM_zLbGdV01rxORYdo,Strongly agree,Strongly agree,Somewhat disagree,Strongly agree,Man,,50+,No,12,12
2025-03-15 18:57:45,2025-03-15 19:38:54,IP Address,67.249.5.201,100,2468,True,2025-03-15 19:38:55,R_1EyFoaBtkYz69Pk,,,,,44.5928,-75.1726,anonymous,EN,1,,Somewhat agree,Yes,Somewhat agree,Neither agree nor disagree,Somewhat agree,"Yes, I will proceed with questions that include pictures of snakes.","IM_2lGxsiH4vRe9cG9,IM_MxZjv2tEeUzJljT,IM_XlMlczVqhMZo0zG,IM_zLbGdV01rxORYdo",IM_zLbGdV01rxORYdo,Strongly agree,Strongly agree,Somewhat agree,Strongly agree,Man,,50+,Yes,12,12
2025-03-15 20:33:53,2025-03-15 20:36:35,IP Address,174.234.117.28,100,162,True,2025-03-15 20:36:36,R_5h9Ebcrx5KyQpF2,,,,,42.7008,-73.8601,anonymous,EN,1,,Somewhat agree,Yes,Somewhat agree,Strongly agree,Strongly agree,"Yes, I will proceed with questions that include pictures of snakes.","IM_2lGxsiH4vRe9cG9,IM_MxZjv2tEeUzJljT",IM_zLbGdV01rxORYdo,Strongly agree,Strongly agree,Somewhat agree,Strongly agree,Woman,,50+,Yes,12,12
2025-03-16 05:38:22,2025-03-16 05:40:46,IP Address,184.153.212.230,100,144,True,2025-03-16 05:40:47,R_63vY2wV8kBqeJlT,,,,,43.9771,-75.9093,anonymous,EN,0.8999999761581421,,Strongly agree,Yes,Somewhat agree,Strongly disagree,Strongly agree,"Yes, I will proceed with questions that include pictures of snakes.","IM_2lGxsiH4vRe9cG9,IM_MxZjv2tEeUzJljT,IM_zLbGdV01rxORYdo",IM_zLbGdV01rxORYdo,Strongly agree,Strongly agree,Strongly disagree,Strongly agree,Man,,50+,Yes,12,12
2025-03-16 11:38:51,2025-03-16 11:40:43,IP Address,146.75.237.112,100,112,True,2025-03-16 11:40:43,R_1MGARjMFv31fReJ,,,,,43.9771,-75.9093,anonymous,EN,0.8999999761581421,,Strongly agree,Yes,Somewhat agree,Neither agree nor disagree,Strongly agree,"Yes, I will proceed with questions that include pictures of snakes.","IM_2lGxsiH4vRe9cG9,IM_MxZjv2tEeUzJljT,IM_XlMlczVqhMZo0zG,IM_zLbGdV01rxORYdo",IM_zLbGdV01rxORYdo,Strongly agree,Strongly agree,Somewhat agree,Strongly agree,Man,,50+,Yes,12,12
2025-03-16 11:57:20,2025-03-16 11:59:21,IP Address,67.249.9.68,100,120,True,2025-03-16 11:59:21,R_5q56QClJTGBt0yf,,,,,44.5928,-75.1726,anonymous,EN,1,,Somewhat disagree,No,Strongly disagree,Strongly agree,Neither agree nor disagree,"Yes, I will proceed with questions that include pictures of snakes.","IM_2lGxsiH4vRe9cG9,IM_zLbGdV01rxORYdo,1",IM_zLbGdV01rxORYdo,Strongly agree,Somewhat agree,Somewhat agree,Strongly agree,Woman,,33 - 50,Yes,12,12
2025-03-16 15:13:56,2025-03-16 15:16:50,IP Address,67.249.26.6,100,173,True,2025-03-16 15:16:51,R_1s10uU18doPGVop,,,,,44.5928,-75.1726,anonymous,EN,0.8999999761581421,,Somewhat agree,Yes,Neither agree nor disagree,Strongly agree,Somewhat agree,"Yes, I will proceed with questions that include pictures of snakes.","IM_2lGxsiH4vRe9cG9,IM_MxZjv2tEeUzJljT,IM_zLbGdV01rxORYdo,1",IM_zLbGdV01rxORYdo,Strongly agree,Strongly agree,Somewhat agree,Strongly agree,Man,,50+,Yes,12,12
2025-03-16 16:13:23,2025-03-16 16:16:28,IP Address,173.245.145.38,100,185,True,2025-03-16 16:16:29,R_1I78s8dVJ0OKnjH,,,,,44.224,-74.4641,anonymous,EN,0.8999999761581421,,Strongly agree,Yes,Strongly agree,Neither agree nor disagree,Strongly agree,"Yes, I will proceed with questions that include pictures of snakes.","IM_2lGxsiH4vRe9cG9,IM_MxZjv2tEeUzJljT,IM_zLbGdV01rxORYdo",IM_zLbGdV01rxORYdo,Strongly agree,Strongly agree,Somewhat agree,Strongly agree,Woman,,33 - 50,No,12,12
2025-03-16 17:19:21,2025-03-16 17:22:06,IP Address,98.13.97.156,100,165,True,2025-03-16 17:22:07,R_78ppxdtymkxiEPn,,,,,42.7805,-73.7012,anonymous,EN,1,,Strongly disagree,Yes,Strongly disagree,Strongly agree,Neither agree nor disagree,"Yes, I will proceed with questions that include pictures of snakes.","IM_2lGxsiH4vRe9cG9,IM_MxZjv2tEeUzJljT,IM_zLbGdV01rxORYdo",IM_zLbGdV01rxORYdo,Strongly agree,Strongly agree,Somewhat agree,Strongly agree,Woman,,50+,Yes,12,12
2025-03-16 17:33:17,2025-03-16 17:35:30,IP Address,67.249.18.192,100,133,True,2025-03-16 17:35:31,R_6gFOXDreHrhxWVy,,,,,44.6611,-74.9708,anonymous,EN,1,,Neither agree nor disagree,Yes,Somewhat disagree,Somewhat agree,Strongly agree,"Yes, I will proceed with questions that include pictures of snakes.","IM_2lGxsiH4vRe9cG9,IM_zLbGdV01rxORYdo",IM_zLbGdV01rxORYdo,Strongly agree,Strongly agree,Somewhat agree,Strongly agree,Woman,,50+,Yes,12,12
2025-03-16 17:40:18,2025-03-16 17:42:30,IP Address,67.249.18.192,100,132,True,2025-03-16 17:42:30,R_5mtoQ255vZ6DT47,,,,,44.6611,-74.9708,anonymous,EN,0.8999999761581421,,Somewhat agree,No,Strongly disagree,Somewhat agree,Somewhat agree,"Yes, I will proceed with questions that include pictures of snakes.","IM_2lGxsiH4vRe9cG9,IM_zLbGdV01rxORYdo,1",IM_zLbGdV01rxORYdo,Strongly agree,Strongly agree,Neither agree nor disagree,Strongly agree,Non-binary,,18 - 25,Yes,12,12
2025-03-16 20:10:58,2025-03-16 20:15:35,IP Address,74.74.113.48,100,277,True,2025-03-16 20:15:36,R_5GrLfNXOb6etpyA,,,,,44.6611,-74.9708,anonymous,EN,0.8999999761581421,,Strongly agree,Yes,Neither agree nor disagree,Somewhat agree,Strongly agree,"Yes, I will proceed with questions that include pictures of snakes.","IM_2lGxsiH4vRe9cG9,IM_MxZjv2tEeUzJljT,IM_zLbGdV01rxORYdo,1",IM_zLbGdV01rxORYdo,Strongly agree,Strongly agree,Somewhat agree,Strongly agree,Woman,,50+,Yes,12,12
2025-03-16 23:54:14,2025-03-16 23:58:10,IP Address,69.204.95.5,100,236,True,2025-03-16 23:58:11,R_1tFjRoIcsHqIWIx,,,,,44.0853,-76.1241,anonymous,EN,0.8999999761581421,,Strongly agree,No,Somewhat disagree,Neither agree nor disagree,Strongly agree,"Yes, I will proceed with questions that include pictures of snakes.","IM_2lGxsiH4vRe9cG9,IM_MxZjv2tEeUzJljT,IM_zLbGdV01rxORYdo,1",IM_zLbGdV01rxORYdo,Strongly agree,Strongly agree,Somewhat agree,Strongly agree,Non-binary,,33 - 50,Yes,12,12
2025-03-17 02:02:57,2025-03-17 02:06:18,IP Address,174.197.193.213,100,201,True,2025-03-17 02:06:19,R_7D1WsZXZRJtIWU6,,,,,43.01,-76.1496,anonymous,EN,1,,Somewhat agree,Yes,Somewhat agree,Strongly agree,Somewhat agree,"Yes, I will proceed with questions that include pictures of snakes.","IM_2lGxsiH4vRe9cG9,IM_MxZjv2tEeUzJljT,IM_XlMlczVqhMZo0zG,IM_zLbGdV01rxORYdo",IM_zLbGdV01rxORYdo,Strongly agree,Strongly agree,Somewhat agree,Somewhat agree,Woman,,33 - 50,Yes,12,12
2025-03-17 07:53:50,2025-03-17 08:00:40,IP Address,173.245.149.242,100,410,True,2025-03-17 08:00:40,R_7MJOXakxrlDQWBb,,,,,44.7273,-75.321,anonymous,EN,1,,Strongly agree,Yes,Somewhat agree,Somewhat agree,Somewhat agree,"Yes, I will proceed with questions that include pictures of snakes.","IM_2lGxsiH4vRe9cG9,IM_MxZjv2tEeUzJljT,IM_zLbGdV01rxORYdo",IM_zLbGdV01rxORYdo,Strongly agree,Somewhat agree,Strongly agree,Strongly agree,Woman,,50+,Yes,12,12
2025-03-17 08:08:47,2025-03-17 08:11:44,IP Address,69.6.118.242,100,176,True,2025-03-17 08:11:44,R_5L69LD2NmuSUmUB,,,,,44.5928,-75.1726,anonymous,EN,1,,Strongly agree,Yes,Somewhat disagree,Neither agree nor disagree,Neither agree nor disagree,"Yes, I will proceed with questions that include pictures of snakes.","IM_2lGxsiH4vRe9cG9,IM_zLbGdV01rxORYdo,1",IM_zLbGdV01rxORYdo,Strongly agree,Strongly agree,Neither agree nor disagree,Strongly agree,Woman,,50+,No,12,12
2025-03-17 09:09:44,2025-03-17 09:11:17,IP Address,96.29.134.150,100,93,True,2025-03-17 09:11:18,R_6z6BROx7xkZLOg0,,,,,38.2634,-85.673,anonymous,EN,1,,Strongly disagree,Yes,Somewhat agree,Strongly disagree,Strongly agree,"Yes, I will proceed with questions that include pictures of snakes.","IM_2lGxsiH4vRe9cG9,IM_zLbGdV01rxORYdo,1",IM_zLbGdV01rxORYdo,Strongly agree,Strongly agree,Strongly agree,Strongly agree,Woman,,26 - 32,Yes,12,12
2025-03-17 09:32:46,2025-03-17 09:34:26,IP Address,172.58.241.3,100,99,True,2025-03-17 09:34:27,R_1MQfqt266iJRt8p,,,,,38.9328,-77.0289,anonymous,EN,1,,Strongly agree,Yes,Somewhat agree,Strongly disagree,Strongly agree,"Yes, I will proceed with questions that include pictures of snakes.","IM_2lGxsiH4vRe9cG9,IM_MxZjv2tEeUzJljT,IM_zLbGdV01rxORYdo",IM_zLbGdV01rxORYdo,Strongly disagree,Strongly agree,Somewhat agree,Strongly agree,Man,,26 - 32,Yes,12,12
2025-03-17 10:00:59,2025-03-17 10:03:59,IP Address,69.6.123.199,100,179,True,2025-03-17 10:03:59,R_3Gj6xY76e1fj8g4,,,,,44.5928,-75.1726,anonymous,EN,0.800000011920929,,Strongly agree,Yes,Neither agree nor disagree,Somewhat disagree,Neither agree nor disagree,"Yes, I will proceed with questions that include pictures of snakes.","IM_2lGxsiH4vRe9cG9,IM_MxZjv2tEeUzJljT,IM_zLbGdV01rxORYdo",IM_zLbGdV01rxORYdo,Somewhat agree,Somewhat agree,Strongly agree,Neither agree nor disagree,Woman,,33 - 50,Yes,12,12
2025-03-17 10:05:59,2025-03-17 10:07:53,IP Address,69.6.120.149,100,113,True,2025-03-17 10:07:54,R_7illtFQtwXWUQbn,,,,,44.5928,-75.1726,anonymous,EN,1,,Somewhat disagree,No,Strongly disagree,Somewhat agree,Neither agree nor disagree,"Yes, I will proceed with questions that include pictures of snakes.","IM_2lGxsiH4vRe9cG9,IM_MxZjv2tEeUzJljT,1",IM_9BwARSdPzIIprKK,Strongly agree,Strongly agree,Somewhat disagree,Strongly agree,Woman,,33 - 50,Yes,12,12
2025-03-17 10:11:31,2025-03-17 10:14:23,IP Address,69.6.113.200,100,171,True,2025-03-17 10:14:23,R_3fUE9RXB6LZ3APi,,,,,44.5928,-75.1726,anonymous,EN,1,,Strongly disagree,Yes,Strongly disagree,Strongly agree,Neither agree nor disagree,"Yes, I will proceed with questions that include pictures of snakes.","IM_2lGxsiH4vRe9cG9,IM_zLbGdV01rxORYdo",IM_2lGxsiH4vRe9cG9,Somewhat agree,Somewhat agree,Somewhat agree,Somewhat agree,Woman,,33 - 50,Yes,12,12
2025-03-17 11:11:31,2025-03-17 11:15:02,IP Address,69.6.114.165,100,210,True,2025-03-17 11:15:02,R_3f1ioaiuqMSvYcc,,,,,44.5928,-75.1726,anonymous,EN,0.8999999761581421,,Strongly disagree,Yes,Neither agree nor disagree,Somewhat agree,Strongly agree,"Yes, I will proceed with questions that include pictures of snakes.","IM_2lGxsiH4vRe9cG9,IM_MxZjv2tEeUzJljT",IM_zLbGdV01rxORYdo,Strongly agree,Strongly agree,Somewhat agree,Strongly agree,Woman,,50+,Yes,12,12
2025-03-17 14:05:20,2025-03-17 14:08:19,IP Address,69.129.146.229,100,179,True,2025-03-17 14:08:19,R_5D1aPSjHe1DCwle,,,,,44.4673,-75.2305,anonymous,EN,1,,Neither agree nor disagree,Yes,Somewhat agree,Somewhat agree,Strongly agree,"Yes, I will proceed with questions that include pictures of snakes.","IM_2lGxsiH4vRe9cG9,IM_MxZjv2tEeUzJljT,IM_zLbGdV01rxORYdo",IM_zLbGdV01rxORYdo,Strongly agree,Strongly agree,Neither agree nor disagree,Neither agree nor disagree,Woman,,33 - 50,Yes,12,12
2025-03-17 14:10:49,2025-03-17 14:14:32,IP Address,38.77.50.209,100,222,True,2025-03-17 14:14:32,R_7B3uqQzqid8o954,,,,,44.9812,-74.6555,anonymous,EN,1,,Somewhat disagree,Yes,Somewhat agree,Somewhat disagree,Somewhat agree,"Yes, I will proceed with questions that include pictures of snakes.","IM_2lGxsiH4vRe9cG9,IM_MxZjv2tEeUzJljT,IM_zLbGdV01rxORYdo,1",IM_zLbGdV01rxORYdo,Strongly agree,Strongly agree,Strongly disagree,Strongly agree,Man,,33 - 50,No,12,12
2025-03-17 15:23:01,2025-03-17 15:25:21,IP Address,174.234.98.126,100,140,True,2025-03-17 15:25:22,R_5davbiGbReJEcJT,,,,,43.0451,-76.1739,anonymous,EN,1,,Strongly agree,Yes,Somewhat agree,Neither agree nor disagree,Strongly agree,"Yes, I will proceed with questions that include pictures of snakes.","IM_2lGxsiH4vRe9cG9,IM_MxZjv2tEeUzJljT,IM_zLbGdV01rxORYdo",IM_zLbGdV01rxORYdo,Strongly agree,Strongly agree,Strongly agree,Strongly agree,Man,,26 - 32,Yes,12,12
2025-03-17 15:32:00,2025-03-17 15:35:27,IP Address,69.6.113.7,100,207,True,2025-03-17 15:35:28,R_11bUiqDNoRyaKR2,,,,,44.5928,-75.1726,anonymous,EN,1,,Somewhat agree,Yes,Neither agree nor disagree,Somewhat agree,Somewhat disagree,"Yes, I will proceed with questions that include pictures of snakes.","IM_2lGxsiH4vRe9cG9,IM_zLbGdV01rxORYdo",IM_zLbGdV01rxORYdo,Somewhat agree,Somewhat agree,Strongly agree,Somewhat agree,Man,,33 - 50,Yes,12,12
2025-03-17 15:40:40,2025-03-17 15:44:22,IP Address,205.247.31.149,100,221,True,2025-03-17 15:44:22,R_6q9sTauxulRQDta,,,,,44.7503,-75.131,anonymous,EN,1,,Somewhat disagree,Yes,Somewhat agree,Somewhat agree,Neither agree nor disagree,"Yes, I will proceed with questions that include pictures of snakes.","IM_2lGxsiH4vRe9cG9,IM_MxZjv2tEeUzJljT,IM_XlMlczVqhMZo0zG,IM_zLbGdV01rxORYdo",IM_zLbGdV01rxORYdo,Strongly agree,Strongly agree,Neither agree nor disagree,Strongly agree,Man,,50+,No,12,12
2025-03-17 17:59:25,2025-03-17 18:12:03,IP Address,96.61.1.151,100,758,True,2025-03-17 18:12:04,R_6zpScluB05usItK,,,,,44.4673,-75.2305,anonymous,EN,0.8999999761581421,,Somewhat disagree,Yes,Neither agree nor disagree,Somewhat agree,Somewhat agree,"Yes, I will proceed with questions that include pictures of snakes.","IM_2lGxsiH4vRe9cG9,IM_MxZjv2tEeUzJljT,IM_XlMlczVqhMZo0zG,IM_zLbGdV01rxORYdo",IM_zLbGdV01rxORYdo,Somewhat agree,Somewhat disagree,Somewhat agree,Somewhat agree,Woman,,50+,Yes,12,12
2025-03-17 21:30:37,2025-03-17 21:33:52,IP Address,67.241.83.59,100,195,True,2025-03-17 21:33:53,R_5jI02eOJ9feKyyA,,,,,44.6611,-74.9708,anonymous,EN,1,,Somewhat agree,Yes,Somewhat disagree,Somewhat agree,Strongly agree,"Yes, I will proceed with questions that include pictures of snakes.","IM_2lGxsiH4vRe9cG9,IM_zLbGdV01rxORYdo",IM_zLbGdV01rxORYdo,Strongly agree,Strongly agree,Somewhat disagree,Strongly agree,Woman,,50+,Yes,12,12
2025-03-18 08:52:34,2025-03-18 08:54:03,IP Address,24.139.79.214,100,88,True,2025-03-18 08:54:03,R_6k0mZRhRra1vEqr,,,,,18.2803,-67.142,anonymous,EN,1,,Strongly agree,Yes,Somewhat disagree,Somewhat disagree,Strongly agree,"Yes, I will proceed with questions that include pictures of snakes.","IM_2lGxsiH4vRe9cG9,IM_MxZjv2tEeUzJljT,IM_zLbGdV01rxORYdo",IM_zLbGdV01rxORYdo,Strongly agree,Strongly agree,Somewhat agree,Somewhat agree,Prefer not to say,,18 - 25,Yes,12,12
2025-03-18 08:54:31,2025-03-18 08:56:40,IP Address,67.249.161.125,100,129,True,2025-03-18 08:56:41,R_3fj4dlFaKHtZWDM,,,,,44.3241,-74.1312,anonymous,EN,1,,Neither agree nor disagree,Yes,Neither agree nor disagree,Somewhat agree,Somewhat agree,"Yes, I will proceed with questions that include pictures of snakes.","IM_2lGxsiH4vRe9cG9,IM_zLbGdV01rxORYdo",IM_zLbGdV01rxORYdo,Strongly agree,Strongly agree,Somewhat agree,Somewhat agree,Woman,,33 - 50,Yes,12,12
2025-03-18 09:14:14,2025-03-18 09:15:32,IP Address,66.66.226.187,100,78,True,2025-03-18 09:15:32,R_7WHEnNH7JOs0WAS,,,,,44.3051,-69.977,anonymous,EN,1,,Somewhat disagree,No,Strongly disagree,Somewhat agree,Strongly disagree,"Yes, I will proceed with questions that include pictures of snakes.","IM_2lGxsiH4vRe9cG9,IM_zLbGdV01rxORYdo,1",IM_zLbGdV01rxORYdo,Somewhat agree,Somewhat agree,Strongly agree,Somewhat agree,Woman,,33 - 50,Yes,12,12
2025-03-18 10:47:58,2025-03-18 10:54:32,IP Address,174.231.54.168,100,393,True,2025-03-18 10:54:32,R_57veFcjSXoxKS7A,,,,,42.6552,-73.802,anonymous,EN,1,,Strongly agree,Yes,Strongly agree,Strongly disagree,Strongly agree,"Yes, I will proceed with questions that include pictures of snakes.","IM_2lGxsiH4vRe9cG9,IM_SqhUYCgOPt3dpo8,IM_MxZjv2tEeUzJljT,IM_XlMlczVqhMZo0zG,IM_zLbGdV01rxORYdo,1",IM_zLbGdV01rxORYdo,Somewhat agree,Somewhat agree,Strongly agree,Somewhat agree,Man,,50+,Yes,12,12
2025-03-18 13:08:48,2025-03-18 13:11:12,IP Address,174.234.123.124,100,143,True,2025-03-18 13:11:13,R_6A6MPT0yOsXV9ex,,,,,41.534,-74.0492,anonymous,EN,1,,Somewhat agree,Yes,Somewhat disagree,Somewhat agree,Neither agree nor disagree,"Yes, I will proceed with questions that include pictures of snakes.","IM_2lGxsiH4vRe9cG9,IM_MxZjv2tEeUzJljT,IM_zLbGdV01rxORYdo,1",IM_zLbGdV01rxORYdo,Strongly agree,Somewhat agree,Strongly agree,Somewhat disagree,Woman,,33 - 50,Yes,12,12
2025-03-18 15:26:58,2025-03-18 15:29:17,IP Address,67.249.29.181,100,138,True,2025-03-18 15:29:17,R_5OliLRehrlZH7Ai,,,,,44.8009,-74.991,anonymous,EN,1,,Somewhat agree,No,Strongly disagree,Neither agree nor disagree,Neither agree nor disagree,"Yes, I will proceed with questions that include pictures of snakes.",IM_SqhUYCgOPt3dpo8,IM_zLbGdV01rxORYdo,Strongly agree,Somewhat agree,Strongly agree,Strongly agree,Woman,,50+,Yes,12,12
2025-03-18 22:36:36,2025-03-18 22:40:17,IP Address,104.229.180.235,100,221,True,2025-03-18 22:40:18,R_5KqNpW5ucwBiG1d,,,,,44.6611,-74.9708,anonymous,EN,0.8999999761581421,,Neither agree nor disagree,Yes,Somewhat disagree,Strongly agree,Neither agree nor disagree,"Yes, I will proceed with questions that include pictures of snakes.","IM_2lGxsiH4vRe9cG9,IM_MxZjv2tEeUzJljT",IM_zLbGdV01rxORYdo,Strongly agree,Strongly agree,Somewhat agree,Somewhat agree,Man,,50+,Yes,12,12
2025-03-19 10:21:25,2025-03-19 10:23:08,IP Address,69.6.125.94,100,102,True,2025-03-19 10:23:08,R_1Gew7Zi7lRHG3zg,,,,,44.5928,-75.1726,anonymous,EN,1,,Strongly agree,No,Strongly disagree,Somewhat agree,Neither agree nor disagree,"Yes, I will proceed with questions that include pictures of snakes.","IM_2lGxsiH4vRe9cG9,IM_MxZjv2tEeUzJljT,1",IM_2lGxsiH4vRe9cG9,Strongly agree,Strongly agree,Somewhat agree,Strongly agree,Woman,,26 - 32,Yes,12,12
2025-03-19 13:44:49,2025-03-19 13:46:32,IP Address,69.6.115.17,100,103,True,2025-03-19 13:46:33,R_3UXW2VhtgfiEDBd,,,,,44.5928,-75.1726,anonymous,EN,1,,Strongly agree,Yes,Somewhat agree,Neither agree nor disagree,Strongly agree,"Yes, I will proceed with questions that include pictures of snakes.","IM_2lGxsiH4vRe9cG9,IM_MxZjv2tEeUzJljT,IM_zLbGdV01rxORYdo",IM_zLbGdV01rxORYdo,Strongly agree,Strongly agree,Somewhat agree,Strongly agree,Woman,,50+,No,12,12
2025-03-19 19:15:34,2025-03-19 19:20:51,IP Address,174.197.198.83,100,317,True,2025-03-19 19:20:51,R_6cs6CRp1pilB53r,,,,,42.7836,-73.9428,anonymous,EN,1,,Strongly agree,Yes,Somewhat agree,Neither agree nor disagree,Somewhat agree,"Yes, I will proceed with questions that include pictures of snakes.","IM_2lGxsiH4vRe9cG9,IM_MxZjv2tEeUzJljT,IM_zLbGdV01rxORYdo,1",IM_zLbGdV01rxORYdo,Strongly agree,Strongly agree,Somewhat agree,Strongly agree,Woman,,50+,No,12,12
2025-03-20 06:13:48,2025-03-20 06:15:56,IP Address,76.37.239.133,100,127,True,2025-03-20 06:15:56,R_5qqjhIIzBemUyBy,,,,,44.6611,-74.9708,anonymous,EN,1,,Strongly agree,Yes,Somewhat agree,Somewhat agree,Strongly agree,"Yes, I will proceed with questions that include pictures of snakes.","IM_2lGxsiH4vRe9cG9,IM_XlMlczVqhMZo0zG,IM_zLbGdV01rxORYdo,1",IM_zLbGdV01rxORYdo,Strongly agree,Somewhat agree,Somewhat agree,Strongly agree,Man,,50+,Yes,12,12
2025-03-20 10:05:42,2025-03-20 10:07:20,IP Address,168.170.134.1,100,97,True,2025-03-20 10:07:21,R_7Ic947fE5rr4uAQ,,,,,43.7129,-76.0627,anonymous,EN,1,,Somewhat agree,No,Strongly disagree,Neither agree nor disagree,Neither agree nor disagree,"Yes, I will proceed with questions that include pictures of snakes.","IM_2lGxsiH4vRe9cG9,IM_MxZjv2tEeUzJljT,IM_zLbGdV01rxORYdo",IM_9BwARSdPzIIprKK,Strongly agree,Strongly agree,Somewhat disagree,Somewhat agree,Woman,,26 - 32,Yes,12,12
2025-03-20 10:06:00,2025-03-20 10:08:03,IP Address,168.170.134.1,100,122,True,2025-03-20 10:08:03,R_7cYRFteIDZs75Wc,,,,,43.7129,-76.0627,anonymous,EN,1,,Strongly disagree,Yes,Strongly disagree,Strongly agree,Neither agree nor disagree,"Yes, I will proceed with questions that include pictures of snakes.","IM_2lGxsiH4vRe9cG9,IM_MxZjv2tEeUzJljT",IM_zLbGdV01rxORYdo,Somewhat agree,Neither agree nor disagree,Neither agree nor disagree,Neither agree nor disagree,Woman,,50+,Yes,12,12
2025-03-20 10:06:54,2025-03-20 10:08:18,IP Address,168.170.134.1,100,83,True,2025-03-20 10:08:18,R_5RgaxKXjSRZQwAJ,,,,,43.7129,-76.0627,anonymous,EN,1,,Strongly disagree,Yes,Strongly disagree,Strongly agree,Neither agree nor disagree,"No, I would rather skip these questions.",,,Strongly agree,Strongly agree,Strongly agree,Somewhat agree,Woman,,50+,Yes,12,12
2025-03-20 10:06:02,2025-03-20 10:09:24,IP Address,168.170.134.1,100,201,True,2025-03-20 10:09:24,R_6zvHCNmAzz7Y4RM,,,,,43.7129,-76.0627,anonymous,EN,1,,Strongly disagree,No,Strongly disagree,Neither agree nor disagree,Somewhat disagree,"Yes, I will proceed with questions that include pictures of snakes.","IM_2lGxsiH4vRe9cG9,IM_MxZjv2tEeUzJljT,IM_zLbGdV01rxORYdo",IM_zLbGdV01rxORYdo,Strongly agree,Somewhat agree,Somewhat agree,Neither agree nor disagree,Woman,,33 - 50,No,12,12
2025-03-20 10:09:03,2025-03-20 10:10:33,IP Address,168.170.134.1,100,90,True,2025-03-20 10:10:33,R_5akUreEBXgWShrW,,,,,43.7129,-76.0627,anonymous,EN,1,,Strongly disagree,No,Strongly disagree,Strongly agree,Neither agree nor disagree,"Yes, I will proceed with questions that include pictures of snakes.","IM_2lGxsiH4vRe9cG9,IM_MxZjv2tEeUzJljT,IM_zLbGdV01rxORYdo,1",IM_zLbGdV01rxORYdo,Strongly agree,Strongly agree,Somewhat agree,Strongly agree,Man,,33 - 50,Yes,12,12
2025-03-20 10:06:34,2025-03-20 10:11:10,IP Address,168.170.134.1,100,276,True,2025-03-20 10:11:11,R_6K3kTbcmqs1hOF2,,,,,43.7129,-76.0627,anonymous,EN,1,,Somewhat disagree,Yes,Somewhat agree,Strongly agree,Strongly disagree,"Yes, I will proceed with questions that include pictures of snakes.","IM_2lGxsiH4vRe9cG9,IM_MxZjv2tEeUzJljT,IM_zLbGdV01rxORYdo",IM_zLbGdV01rxORYdo,Strongly agree,Strongly agree,Somewhat agree,Strongly agree,Man,,50+,No,12,12
2025-03-20 10:09:30,2025-03-20 10:11:21,IP Address,168.170.134.1,100,110,True,2025-03-20 10:11:21,R_1l5iPptJgB4dot9,,,,,43.7129,-76.0627,anonymous,EN,1,,Strongly disagree,Yes,Somewhat agree,Somewhat agree,Somewhat agree,"Yes, I will proceed with questions that include pictures of snakes.","IM_2lGxsiH4vRe9cG9,IM_XlMlczVqhMZo0zG,IM_zLbGdV01rxORYdo",IM_zLbGdV01rxORYdo,Strongly agree,Strongly agree,Strongly disagree,Strongly agree,Woman,,26 - 32,Yes,12,12
2025-03-20 10:12:09,2025-03-20 10:13:55,IP Address,168.170.134.1,100,105,True,2025-03-20 10:13:55,R_5FJnAhtEcofVk7C,,,,,43.7129,-76.0627,anonymous,EN,1,,Somewhat disagree,No,Strongly disagree,Somewhat agree,Neither agree nor disagree,"Yes, I will proceed with questions that include pictures of snakes.","IM_2lGxsiH4vRe9cG9,IM_MxZjv2tEeUzJljT",IM_2lGxsiH4vRe9cG9,Somewhat agree,Somewhat agree,Somewhat agree,Somewhat agree,Woman,,26 - 32,No,12,12
2025-03-20 10:12:01,2025-03-20 10:14:41,IP Address,168.170.134.1,100,159,True,2025-03-20 10:14:41,R_6qecvAWq84hx5cL,,,,,43.7129,-76.0627,anonymous,EN,1,,Strongly agree,Yes,Somewhat agree,Neither agree nor disagree,Somewhat disagree,"Yes, I will proceed with questions that include pictures of snakes.","IM_2lGxsiH4vRe9cG9,IM_MxZjv2tEeUzJljT,IM_zLbGdV01rxORYdo",IM_zLbGdV01rxORYdo,Strongly agree,Strongly agree,Somewhat agree,Somewhat agree,Woman,,18 - 25,No,12,12
2025-03-20 10:15:26,2025-03-20 10:17:14,IP Address,168.170.134.1,100,108,True,2025-03-20 10:17:15,R_1NqSgVhjuQdTxeh,,,,,43.7129,-76.0627,anonymous,EN,1,,Strongly disagree,No,Strongly disagree,Strongly agree,Neither agree nor disagree,"Yes, I will proceed with questions that include pictures of snakes.","IM_2lGxsiH4vRe9cG9,IM_MxZjv2tEeUzJljT,1",IM_SqhUYCgOPt3dpo8,Neither agree nor disagree,Neither agree nor disagree,Neither agree nor disagree,Neither agree nor disagree,Woman,,50+,No,12,12
2025-03-20 10:20:51,2025-03-20 10:22:32,IP Address,168.170.134.1,100,100,True,2025-03-20 10:22:32,R_3MyCPlxYuMiIh2D,,,,,43.7129,-76.0627,anonymous,EN,1,,Strongly disagree,Yes,Somewhat disagree,Strongly agree,Neither agree nor disagree,"Yes, I will proceed with questions that include pictures of snakes.","IM_2lGxsiH4vRe9cG9,IM_MxZjv2tEeUzJljT,IM_XlMlczVqhMZo0zG,IM_zLbGdV01rxORYdo",IM_zLbGdV01rxORYdo,Strongly agree,Strongly agree,Somewhat agree,Strongly agree,Woman,,50+,Yes,12,12
2025-03-20 10:58:14,2025-03-20 11:01:54,IP Address,168.170.134.1,100,219,True,2025-03-20 11:01:54,R_5IcSNubgSM5hONE,,,,,43.7129,-76.0627,anonymous,EN,1,,Strongly disagree,Yes,Strongly disagree,Strongly agree,Somewhat disagree,"Yes, I will proceed with questions that include pictures of snakes.",IM_2lGxsiH4vRe9cG9,IM_zLbGdV01rxORYdo,Somewhat agree,Neither agree nor disagree,Somewhat agree,Somewhat agree,Woman,,33 - 50,Yes,12,12
2025-03-20 11:17:45,2025-03-20 11:21:43,IP Address,168.170.134.1,100,237,True,2025-03-20 11:21:43,R_6wd4ZuGBDCAeqsh,,,,,43.7129,-76.0627,anonymous,EN,1,,Somewhat disagree,Yes,Somewhat disagree,Somewhat agree,Somewhat agree,"Yes, I will proceed with questions that include pictures of snakes.","IM_2lGxsiH4vRe9cG9,IM_XlMlczVqhMZo0zG,IM_zLbGdV01rxORYdo,1",IM_zLbGdV01rxORYdo,Somewhat agree,Strongly agree,Somewhat agree,Somewhat agree,Man,,33 - 50,Yes,12,12
2025-03-20 11:30:27,2025-03-20 11:32:36,IP Address,174.231.52.195,100,129,True,2025-03-20 11:32:37,R_7CCziONGuZjww8a,,,,,42.6552,-73.802,anonymous,EN,1,,Neither agree nor disagree,No,Strongly disagree,Somewhat agree,Strongly agree,"Yes, I will proceed with questions that include pictures of snakes.","IM_2lGxsiH4vRe9cG9,IM_MxZjv2tEeUzJljT,1",IM_9BwARSdPzIIprKK,Somewhat agree,Strongly agree,Strongly disagree,Somewhat agree,Woman,,33 - 50,Yes,12,12
2025-03-20 11:43:01,2025-03-20 11:45:34,IP Address,168.170.134.1,100,152,True,2025-03-20 11:45:34,R_3jMRcQml0JsbQPv,,,,,43.7129,-76.0627,anonymous,EN,1,,Strongly disagree,Yes,Somewhat agree,Strongly agree,Somewhat disagree,"Yes, I will proceed with questions that include pictures of snakes.","IM_2lGxsiH4vRe9cG9,IM_MxZjv2tEeUzJljT,IM_zLbGdV01rxORYdo",IM_2lGxsiH4vRe9cG9,Strongly agree,Strongly agree,Strongly disagree,Strongly agree,Woman,,50+,Yes,12,12
2025-03-20 12:16:15,2025-03-20 12:20:03,IP Address,168.170.134.1,100,227,True,2025-03-20 12:20:04,R_3nvYOmDP0VUOOjP,,,,,43.7129,-76.0627,anonymous,EN,1,,Strongly disagree,No,Strongly disagree,Strongly agree,Somewhat agree,"Yes, I will proceed with questions that include pictures of snakes.","IM_2lGxsiH4vRe9cG9,IM_MxZjv2tEeUzJljT",IM_9BwARSdPzIIprKK,Strongly agree,Strongly agree,Strongly agree,Somewhat agree,Woman,,50+,Yes,12,12
2025-03-20 12:32:57,2025-03-20 12:34:24,IP Address,168.170.134.1,100,86,True,2025-03-20 12:34:24,R_5XwHHs1NgU5auLT,,,,,43.7129,-76.0627,anonymous,EN,1,,Somewhat disagree,No,Strongly disagree,Strongly agree,Neither agree nor disagree,"Yes, I will proceed with questions that include pictures of snakes.","IM_2lGxsiH4vRe9cG9,IM_MxZjv2tEeUzJljT",IM_zLbGdV01rxORYdo,Strongly agree,Strongly agree,Neither agree nor disagree,Neither agree nor disagree,Woman,,33 - 50,No,12,12
2025-03-20 12:55:33,2025-03-20 12:58:55,IP Address,168.170.134.1,100,201,True,2025-03-20 12:58:56,R_3v8i4BODTKTRzIl,,,,,43.7129,-76.0627,anonymous,EN,1,,Neither agree nor disagree,Yes,Neither agree nor disagree,Somewhat agree,Neither agree nor disagree,"Yes, I will proceed with questions that include pictures of snakes.","IM_2lGxsiH4vRe9cG9,IM_zLbGdV01rxORYdo",IM_zLbGdV01rxORYdo,Somewhat agree,Somewhat agree,Somewhat agree,Somewhat agree,Woman,,50+,Yes,12,12
2025-03-20 13:21:18,2025-03-20 13:23:30,IP Address,168.170.134.1,100,132,True,2025-03-20 13:23:31,R_74WHEpgeRNZ29ax,,,,,43.7129,-76.0627,anonymous,EN,1,,Somewhat disagree,Yes,Strongly disagree,Strongly agree,Neither agree nor disagree,"Yes, I will proceed with questions that include pictures of snakes.","IM_2lGxsiH4vRe9cG9,IM_MxZjv2tEeUzJljT,IM_zLbGdV01rxORYdo,1",IM_9BwARSdPzIIprKK,Strongly agree,Strongly agree,Somewhat agree,Neither agree nor disagree,Woman,,33 - 50,Yes,12,12
2025-03-20 13:34:36,2025-03-20 13:36:33,IP Address,168.170.134.1,100,117,True,2025-03-20 13:36:34,R_6fwfnbXn935Zinq,,,,,43.7129,-76.0627,anonymous,EN,1,,Neither agree nor disagree,Yes,Somewhat disagree,Somewhat agree,Somewhat agree,"Yes, I will proceed with questions that include pictures of snakes.","IM_2lGxsiH4vRe9cG9,IM_MxZjv2tEeUzJljT,IM_zLbGdV01rxORYdo",IM_zLbGdV01rxORYdo,Somewhat agree,Somewhat agree,Strongly agree,Somewhat agree,Woman,,33 - 50,No,12,12
2025-03-20 15:38:26,2025-03-20 15:41:42,IP Address,174.234.114.65,100,196,True,2025-03-20 15:41:43,R_1jSyNdnQFnuRHXS,,,,,42.7008,-73.8601,anonymous,EN,1,,Somewhat agree,Yes,Somewhat agree,Somewhat disagree,Somewhat agree,"Yes, I will proceed with questions that include pictures of snakes.","IM_2lGxsiH4vRe9cG9,IM_XlMlczVqhMZo0zG,IM_zLbGdV01rxORYdo",,Strongly disagree,Strongly disagree,Somewhat disagree,Somewhat agree,Man,,50+,Yes,12,12
2025-03-20 16:12:34,2025-03-20 16:17:59,IP Address,69.201.56.187,100,325,True,2025-03-20 16:17:59,R_3CoVRYRHT0kmHNT,,,,,43.9771,-75.9093,anonymous,EN,1,,Strongly disagree,No,Strongly disagree,Strongly agree,Strongly disagree,"Yes, I will proceed with questions that include pictures of snakes.","IM_2lGxsiH4vRe9cG9,IM_MxZjv2tEeUzJljT,IM_zLbGdV01rxORYdo",IM_zLbGdV01rxORYdo,Somewhat agree,Somewhat agree,Strongly agree,Strongly agree,Woman,,50+,No,12,12
2025-03-20 18:01:38,2025-03-20 18:05:58,IP Address,67.252.94.112,100,260,True,2025-03-20 18:05:59,R_5oveCgGtYeRV1eA,,,,,43.9771,-75.9093,anonymous,EN,1,,Somewhat disagree,Yes,Strongly disagree,Strongly agree,Neither agree nor disagree,"Yes, I will proceed with questions that include pictures of snakes.","IM_2lGxsiH4vRe9cG9,IM_MxZjv2tEeUzJljT,IM_zLbGdV01rxORYdo,1",IM_zLbGdV01rxORYdo,Strongly agree,Somewhat agree,Somewhat agree,Somewhat agree,Woman,,50+,No,12,12
2025-03-20 19:04:50,2025-03-20 19:08:29,IP Address,104.229.175.238,100,219,True,2025-03-20 19:08:30,R_741gF4AGGnt290d,,,,,43.9771,-75.9093,anonymous,EN,1,,Strongly disagree,Yes,Somewhat disagree,Strongly agree,Somewhat agree,"Yes, I will proceed with questions that include pictures of snakes.","IM_2lGxsiH4vRe9cG9,IM_MxZjv2tEeUzJljT,IM_zLbGdV01rxORYdo",IM_zLbGdV01rxORYdo,Strongly agree,Somewhat agree,Strongly agree,Somewhat agree,Woman,,33 - 50,Yes,12,12
2025-03-20 21:05:16,2025-03-20 21:08:12,IP Address,67.249.17.115,100,175,True,2025-03-20 21:08:12,R_7kn2nTGdQV1onrl,,,,,44.5928,-75.1726,anonymous,EN,1,,Somewhat disagree,Yes,Somewhat agree,Neither agree nor disagree,Neither agree nor disagree,"Yes, I will proceed with questions that include pictures of snakes.","IM_2lGxsiH4vRe9cG9,IM_MxZjv2tEeUzJljT,IM_zLbGdV01rxORYdo",IM_zLbGdV01rxORYdo,Strongly agree,Somewhat agree,Somewhat agree,Strongly agree,Man,,26 - 32,Yes,12,12
2025-03-21 01:17:41,2025-03-21 01:25:05,IP Address,142.105.247.140,100,443,True,2025-03-21 01:25:05,R_63a2XlpX6WRdaoA,,,,,44.224,-74.4641,anonymous,EN,1,,Somewhat disagree,Yes,Neither agree nor disagree,Strongly agree,Somewhat disagree,"Yes, I will proceed with questions that include pictures of snakes.","IM_2lGxsiH4vRe9cG9,IM_SqhUYCgOPt3dpo8,IM_XlMlczVqhMZo0zG,IM_zLbGdV01rxORYdo",IM_zLbGdV01rxORYdo,Somewhat agree,Somewhat agree,Somewhat agree,Neither agree nor disagree,Woman,,50+,Yes,12,12
2025-03-21 08:36:03,2025-03-21 08:42:20,IP Address,67.240.246.186,100,377,True,2025-03-21 08:42:20,R_7EaXbeQ8WFOHVe1,,,,,44.0078,-76.0444,anonymous,EN,1,,Strongly agree,Yes,Strongly agree,Strongly disagree,Strongly agree,"Yes, I will proceed with questions that include pictures of snakes.","IM_2lGxsiH4vRe9cG9,IM_XlMlczVqhMZo0zG,IM_zLbGdV01rxORYdo",IM_zLbGdV01rxORYdo,Strongly agree,Strongly agree,Strongly agree,Strongly agree,Man,,50+,Yes,12,12
2025-03-21 10:23:58,2025-03-21 10:27:13,IP Address,174.231.52.85,100,195,True,2025-03-21 10:27:14,R_5PnIjfIfeNwWzDh,,,,,42.6552,-73.802,anonymous,EN,0.8999999761581421,,Somewhat agree,No,Neither agree nor disagree,Somewhat disagree,Somewhat agree,"Yes, I will proceed with questions that include pictures of snakes.","IM_2lGxsiH4vRe9cG9,IM_MxZjv2tEeUzJljT,IM_XlMlczVqhMZo0zG,IM_zLbGdV01rxORYdo",IM_zLbGdV01rxORYdo,Strongly agree,Strongly agree,Somewhat disagree,Strongly agree,Non-binary,,18 - 25,Yes,12,12
2025-03-14 11:50:19,2025-03-14 12:52:38,IP Address,71.184.123.43,0,3739,False,2025-03-21 12:52:43,R_5tnZTQjr9xIoeCj,,,,,42.6508,-71.1607,anonymous,EN,1,,,,,,,,,,,,,,,,,,,
2025-03-14 15:06:25,2025-03-14 15:06:51,IP Address,174.224.166.150,44,25,False,2025-03-21 15:06:55,R_3ttF23tdRpM5Oym,,,,,42.2546,-71.4564,anonymous,EN,0.8999999761581421,true,Neither agree nor disagree,Yes,Strongly disagree,Strongly agree,Somewhat agree,"Yes, I will proceed with questions that include pictures of snakes.",,,,,,,,,,,6,
2025-03-14 15:00:54,2025-03-14 15:27:47,IP Address,69.6.114.133,56,1612,False,2025-03-21 15:27:56,R_6QA7K5aIUqGbzsu,,,,,44.5928,-75.1726,anonymous,EN,1,,Strongly disagree,Yes,Strongly disagree,Strongly agree,Neither agree nor disagree,"Yes, I will proceed with questions that include pictures of snakes.","IM_2lGxsiH4vRe9cG9,IM_MxZjv2tEeUzJljT,IM_zLbGdV01rxORYdo",IM_zLbGdV01rxORYdo,,,,,,,,,6,
2025-03-14 20:11:33,2025-03-14 20:11:52,IP Address,196.201.218.16,6,18,False,2025-03-21 20:11:53,R_8e24qM86lPPvjgl,,,,,-1.2841,36.8155,anonymous,EN,1,,,,,,,,,,,,,,,,,,,
2025-03-23 15:05:54,2025-03-23 15:08:31,IP Address,96.61.2.78,100,157,True,2025-03-23 15:08:31,R_7Qo6nkXyY6ejud9,,,,,44.3138,-75.2526,anonymous,EN,0.8999999761581421,,Strongly agree,Yes,Neither agree nor disagree,Somewhat agree,Strongly agree,"Yes, I will proceed with questions that include pictures of snakes.","IM_2lGxsiH4vRe9cG9,IM_MxZjv2tEeUzJljT,IM_zLbGdV01rxORYdo",IM_zLbGdV01rxORYdo,Strongly agree,Strongly agree,Somewhat agree,Strongly agree,Woman,,50+,Yes,12,12
2025-03-16 21:16:07,2025-03-16 21:19:01,IP Address,67.241.89.224,0,174,False,2025-03-23 21:19:03,R_5p45gmPyaoqi5C5,,,,,44.6611,-74.9708,anonymous,EN,0.8999999761581421,,,,,,,,,,,,,,,,,,,
2025-03-17 07:17:28,2025-03-17 07:17:35,IP Address,69.204.134.164,6,7,False,2025-03-24 07:17:38,R_3lfrRK4gPFWzrDx,,,,,42.4134,-73.6732,anonymous,EN,1,,,,,,,,,,,,,,,,,,,
2025-03-17 10:13:17,2025-03-24 09:59:29,IP Address,69.6.101.220,100,603972,True,2025-03-24 09:59:29,R_1LOLymQzdIEk1ih,,,,,44.5928,-75.1726,anonymous,EN,1,,Somewhat agree,Yes,Strongly disagree,Strongly agree,Strongly agree,"Yes, I will proceed with questions that include pictures of snakes.","IM_2lGxsiH4vRe9cG9,IM_MxZjv2tEeUzJljT,IM_zLbGdV01rxORYdo,1",IM_zLbGdV01rxORYdo,Strongly agree,Strongly agree,Somewhat agree,Strongly agree,Woman,,33 - 50,Yes,12,12
2025-03-24 14:11:30,2025-03-24 14:12:24,Survey Preview,,100,54,True,2025-03-24 14:12:25,R_7p3TF1V7Z9InIlZ,,,,,44.5928,-75.1726,preview,EN,1,,,,,,,,,,,,,,,,,,,0
2025-03-24 14:12:29,2025-03-24 14:14:16,Survey Preview,,100,107,True,2025-03-24 14:14:17,R_7uqFT3zcz8BXyjU,,,,,44.5928,-75.1726,preview,EN,1,,,,,,,,,,,,,,,,,Yes,,0
2025-03-24 14:13:41,2025-03-24 14:15:49,IP Address,69.6.101.223,100,128,True,2025-03-24 14:15:50,R_5qpq2yfUSraNt4f,,,,,44.5928,-75.1726,anonymous,EN,0.8999999761581421,true,Neither agree nor disagree,Yes,Strongly disagree,Strongly agree,Somewhat agree,"Yes, I will proceed with questions that include pictures of snakes.","IM_2lGxsiH4vRe9cG9,IM_MxZjv2tEeUzJljT,IM_zLbGdV01rxORYdo,1",IM_zLbGdV01rxORYdo,Strongly agree,Strongly agree,Somewhat agree,Somewhat agree,Man,,18 - 25,Yes,12,12
2025-03-24 15:04:31,2025-03-24 15:05:46,IP Address,69.6.101.219,100,75,True,2025-03-24 15:05:47,R_6030OjtPKca5PDi,,,,,44.5928,-75.1726,anonymous,EN,0.8999999761581421,,Somewhat agree,Yes,Somewhat disagree,Somewhat agree,Somewhat agree,"Yes, I will proceed with questions that include pictures of snakes.","IM_2lGxsiH4vRe9cG9,IM_MxZjv2tEeUzJljT,IM_zLbGdV01rxORYdo",IM_zLbGdV01rxORYdo,Strongly agree,Strongly agree,Neither agree nor disagree,Strongly agree,Woman,,18 - 25,Yes,12,12
2025-03-24 15:06:39,2025-03-24 15:08:02,IP Address,69.6.101.203,100,82,True,2025-03-24 15:08:02,R_71RBpxwqdRIXJl7,,,,,44.5928,-75.1726,anonymous,EN,1,,Strongly agree,Yes,Neither agree nor disagree,Somewhat disagree,Somewhat agree,"Yes, I will proceed with questions that include pictures of snakes.","IM_2lGxsiH4vRe9cG9,IM_MxZjv2tEeUzJljT,IM_zLbGdV01rxORYdo,1",IM_zLbGdV01rxORYdo,Strongly agree,Strongly agree,Somewhat agree,Strongly agree,Woman,,18 - 25,Yes,12,12
2025-03-17 16:23:18,2025-03-17 16:24:15,IP Address,104.229.181.167,44,57,False,2025-03-24 16:24:21,R_5jpzhejhZ8tDXCp,,,,,44.5928,-75.1726,anonymous,EN,0.8999999761581421,,Strongly disagree,Yes,Strongly disagree,Strongly agree,Strongly agree,"Yes, I will proceed with questions that include pictures of snakes.",,,,,,,,,,,6,
2025-03-25 13:52:36,2025-03-25 13:57:10,IP Address,168.170.134.1,100,274,True,2025-03-25 13:57:11,R_55LLS84dSiMPRWU,,,,,43.7129,-76.0627,anonymous,EN,1,,Strongly disagree,Yes,Neither agree nor disagree,Neither agree nor disagree,Neither agree nor disagree,"Yes, I will proceed with questions that include pictures of snakes.","IM_2lGxsiH4vRe9cG9,IM_MxZjv2tEeUzJljT,IM_zLbGdV01rxORYdo,1",IM_zLbGdV01rxORYdo,Strongly agree,Strongly agree,Strongly disagree,Neither agree nor disagree,Woman,,50+,No,12,12
